,GAME_ID,HALFTIME_HOME_FG,HALFTIME_HOME_FG_MISSES,HALFTIME_HOME_FG_PCT,HALFTIME_HOME_REBOUNDS,HALFTIME_VISITING_FG,HALFTIME_VISITING_FG_PCT,HALFTIME_VISITING_MISSES,HALFTIME_VISITING_REBOUNDS
0,21500001,19,24,0.441860465116,22,19,0.441860465116,24,24
1,21500002,35,50,0.411764705882,47,37,0.397849462366,56,50
2,21500003,40,55,0.421052631579,56,33,0.407407407407,48,33
3,21500004,36,63,0.363636363636,56,33,0.392857142857,51,49
4,21500005,39,46,0.458823529412,41,34,0.409638554217,49,46
5,21500006,38,54,0.413043478261,45,39,0.52,36,39
6,21500007,29,44,0.397260273973,43,34,0.459459459459,40,38
7,21500008,36,37,0.493150684932,41,32,0.385542168675,51,43
8,21500009,35,44,0.443037974684,50,32,0.372093023256,54,40
9,21500010,29,57,0.337209302326,44,40,0.506329113924,39,49
10,21500011,27,51,0.346153846154,37,39,0.475609756098,43,54
11,21500012,30,56,0.348837209302,47,42,0.451612903226,51,49
12,21500013,39,44,0.469879518072,45,42,0.466666666667,48,36
13,21500014,32,53,0.376470588235,53,39,0.464285714286,45,48
14,21500015,41,44,0.482352941176,51,35,0.388888888889,55,39
15,21500016,41,53,0.436170212766,49,41,0.518987341772,38,42
16,21500017,32,55,0.367816091954,48,38,0.457831325301,45,39
17,21500018,37,41,0.474358974359,38,41,0.5,41,42
18,21500019,38,55,0.408602150538,48,41,0.5,41,39
19,21500020,37,49,0.43023255814,53,34,0.354166666667,62,55
20,21500021,36,47,0.433734939759,49,33,0.428571428571,44,38
21,21500022,46,59,0.438095238095,49,49,0.449541284404,60,62
22,21500023,19,44,0.301587301587,39,34,0.395348837209,52,51
23,21500024,32,53,0.376470588235,38,32,0.410256410256,46,53
24,21500025,35,65,0.35,61,34,0.404761904762,50,50
25,21500026,36,47,0.433734939759,45,36,0.409090909091,52,54
26,21500027,42,40,0.512195121951,32,35,0.514705882353,33,37
27,21500028,38,46,0.452380952381,56,30,0.394736842105,46,32
28,21500029,29,66,0.305263157895,51,30,0.422535211268,41,49
29,21500030,30,52,0.365853658537,49,42,0.45652173913,50,47
30,21500031,51,49,0.51,56,39,0.448275862069,48,37
31,21500032,34,46,0.425,55,33,0.388235294118,52,42
32,21500033,28,42,0.4,34,37,0.43023255814,49,47
33,21500034,36,52,0.409090909091,43,38,0.457831325301,45,40
34,21500035,42,54,0.4375,48,46,0.547619047619,38,38
35,21500036,30,46,0.394736842105,42,37,0.474358974359,41,43
36,21500037,31,46,0.402597402597,45,39,0.414893617021,55,48
37,21500038,38,37,0.506666666667,41,38,0.395833333333,58,49
38,21500039,31,54,0.364705882353,45,37,0.420454545455,51,48
39,21500040,35,63,0.357142857143,45,34,0.41975308642,47,51
40,21500041,40,44,0.47619047619,48,31,0.397435897436,47,34
41,21500042,38,49,0.436781609195,46,29,0.420289855072,40,33
42,21500043,33,54,0.379310344828,47,35,0.388888888889,55,43
43,21500044,44,41,0.517647058824,50,34,0.373626373626,57,35
44,21500045,30,54,0.357142857143,42,37,0.440476190476,47,49
45,21500046,35,47,0.426829268293,37,42,0.518518518519,39,43
46,21500047,32,43,0.426666666667,35,37,0.513888888889,35,36
47,21500048,32,57,0.359550561798,49,35,0.466666666667,40,45
48,21500049,41,48,0.460674157303,34,40,0.47619047619,44,55
49,21500050,33,45,0.423076923077,41,41,0.460674157303,48,46
50,21500051,38,38,0.5,60,24,0.263736263736,67,42
51,21500052,33,44,0.428571428571,46,34,0.354166666667,62,55
52,21500053,45,44,0.505617977528,52,44,0.488888888889,46,33
53,21500054,32,53,0.376470588235,50,37,0.425287356322,50,42
54,21500055,35,48,0.421686746988,49,35,0.397727272727,53,51
55,21500056,31,58,0.348314606742,46,42,0.466666666667,48,55
56,21500057,31,53,0.369047619048,44,32,0.415584415584,45,47
57,21500058,26,45,0.366197183099,35,39,0.475609756098,43,50
58,21500059,34,50,0.404761904762,40,42,0.5,42,49
59,21500060,33,56,0.370786516854,53,34,0.414634146341,48,49
60,21500061,36,45,0.444444444444,33,36,0.45,44,49
61,21500062,36,39,0.48,34,34,0.41975308642,47,43
62,21500063,33,50,0.397590361446,48,31,0.378048780488,51,40
63,21500064,42,46,0.477272727273,48,46,0.505494505495,45,38
64,21500065,35,51,0.406976744186,36,34,0.41975308642,47,51
65,21500066,39,43,0.475609756098,41,33,0.417721518987,46,45
66,21500067,45,38,0.542168674699,41,39,0.469879518072,44,33
67,21500068,33,55,0.375,40,41,0.532467532468,36,48
68,21500069,35,46,0.432098765432,42,41,0.476744186047,45,41
69,21500070,35,50,0.411764705882,47,36,0.439024390244,46,44
70,21500071,26,55,0.320987654321,44,33,0.458333333333,39,42
71,21500072,26,50,0.342105263158,44,43,0.488636363636,45,48
72,21500073,27,44,0.380281690141,45,36,0.428571428571,48,43
73,21500074,44,43,0.505747126437,47,37,0.480519480519,40,36
74,21500075,33,44,0.428571428571,40,29,0.341176470588,56,44
75,21500076,42,53,0.442105263158,53,35,0.402298850575,52,45
76,21500077,39,53,0.423913043478,46,31,0.407894736842,45,40
77,21500078,44,43,0.505747126437,45,38,0.5,38,38
78,21500079,33,48,0.407407407407,43,35,0.432098765432,46,41
79,21500080,34,44,0.435897435897,43,36,0.444444444444,45,40
80,21500081,42,42,0.5,32,37,0.506849315068,36,41
81,21500082,35,55,0.388888888889,46,36,0.493150684932,37,47
82,21500083,45,47,0.489130434783,53,37,0.411111111111,53,44
83,21500084,39,53,0.423913043478,43,39,0.481481481481,42,49
84,21500085,33,60,0.354838709677,50,39,0.40625,57,58
85,21500086,43,49,0.467391304348,39,38,0.487179487179,40,41
86,21500087,36,44,0.45,38,38,0.463414634146,44,41
87,21500088,34,44,0.435897435897,42,39,0.453488372093,47,42
88,21500089,37,45,0.451219512195,41,32,0.4,48,52
89,21500090,42,36,0.538461538462,42,33,0.458333333333,39,33
90,21500091,31,43,0.418918918919,49,30,0.32967032967,61,44
91,21500092,38,49,0.436781609195,45,37,0.406593406593,54,46
92,21500093,40,46,0.46511627907,41,38,0.441860465116,48,47
93,21500094,35,45,0.4375,48,37,0.420454545455,51,47
94,21500095,33,51,0.392857142857,52,35,0.376344086022,58,46
95,21500096,32,48,0.4,48,27,0.385714285714,43,38
96,21500097,47,45,0.510869565217,52,38,0.452380952381,46,33
97,21500098,41,35,0.539473684211,40,46,0.484210526316,49,46
98,21500099,32,43,0.426666666667,42,30,0.38961038961,47,44
99,21500100,32,65,0.329896907216,52,39,0.414893617021,55,58
100,21500101,44,42,0.511627906977,27,43,0.558441558442,34,40
101,21500102,38,37,0.506666666667,47,33,0.375,55,39
102,21500103,34,50,0.404761904762,42,45,0.523255813953,41,46
103,21500104,32,48,0.4,41,37,0.451219512195,45,41
104,21500105,22,40,0.354838709677,40,32,0.415584415584,45,40
105,21500106,36,37,0.493150684932,35,38,0.475,42,37
106,21500107,36,59,0.378947368421,41,41,0.493975903614,42,53
107,21500108,37,46,0.44578313253,47,33,0.434210526316,43,36
108,21500109,37,47,0.440476190476,49,40,0.430107526882,53,44
109,21500110,29,43,0.402777777778,41,38,0.441860465116,48,45
110,21500111,36,44,0.45,48,36,0.473684210526,40,34
111,21500112,45,46,0.494505494505,47,34,0.409638554217,49,44
112,21500113,34,49,0.409638554217,33,41,0.482352941176,44,52
113,21500114,37,60,0.381443298969,54,38,0.487179487179,40,43
114,21500115,38,47,0.447058823529,37,40,0.46511627907,46,56
115,21500116,31,45,0.407894736842,36,38,0.481012658228,41,41
116,21500117,42,44,0.488372093023,44,37,0.44578313253,46,40
117,21500118,36,34,0.514285714286,44,36,0.423529411765,49,41
118,21500119,42,56,0.428571428571,45,37,0.397849462366,56,60
119,21500120,23,46,0.333333333333,41,34,0.465753424658,39,36
120,21500121,38,40,0.487179487179,36,41,0.525641025641,37,33
121,21500122,36,37,0.493150684932,46,33,0.375,55,45
122,21500123,38,49,0.436781609195,36,41,0.532467532468,36,42
123,21500124,34,41,0.453333333333,47,34,0.38202247191,55,42
124,21500125,42,44,0.488372093023,47,47,0.534090909091,41,32
125,21500126,42,39,0.518518518519,46,38,0.431818181818,50,37
126,21500127,39,45,0.464285714286,40,40,0.493827160494,41,39
127,21500128,32,44,0.421052631579,45,33,0.383720930233,53,41
128,21500129,41,61,0.401960784314,50,36,0.473684210526,40,35
129,21500130,27,50,0.350649350649,46,32,0.415584415584,45,49
130,21500131,31,43,0.418918918919,48,30,0.365853658537,52,38
131,21500132,35,47,0.426829268293,57,35,0.372340425532,59,45
132,21500133,32,50,0.390243902439,35,32,0.470588235294,36,43
133,21500134,38,58,0.395833333333,55,30,0.348837209302,56,43
134,21500135,29,52,0.358024691358,48,27,0.313953488372,59,57
135,21500136,36,44,0.45,46,31,0.413333333333,44,40
136,21500137,40,54,0.425531914894,50,41,0.465909090909,47,44
137,21500138,35,42,0.454545454545,42,30,0.422535211268,41,42
138,21500139,38,44,0.463414634146,49,36,0.423529411765,49,45
139,21500140,32,52,0.380952380952,43,41,0.471264367816,46,45
140,21500141,41,59,0.41,51,36,0.4,54,54
141,21500142,33,52,0.388235294118,54,32,0.395061728395,49,41
142,21500143,36,47,0.433734939759,57,32,0.333333333333,64,42
143,21500144,36,54,0.4,50,40,0.412371134021,57,50
144,21500145,33,50,0.397590361446,41,32,0.450704225352,39,36
145,21500146,40,41,0.493827160494,33,38,0.550724637681,31,34
146,21500147,40,42,0.487804878049,37,35,0.393258426966,54,46
147,21500148,36,39,0.48,33,36,0.493150684932,37,40
148,21500149,25,49,0.337837837838,34,38,0.469135802469,43,47
149,21500150,37,37,0.5,42,36,0.423529411765,49,36
150,21500151,30,44,0.405405405405,46,32,0.344086021505,61,46
151,21500152,33,42,0.44,46,29,0.386666666667,46,39
152,21500153,32,51,0.385542168675,48,34,0.395348837209,52,50
153,21500154,33,49,0.40243902439,46,43,0.467391304348,49,49
154,21500155,34,47,0.41975308642,34,39,0.493670886076,40,44
155,21500156,36,51,0.413793103448,47,30,0.405405405405,44,39
156,21500157,43,48,0.472527472527,50,36,0.473684210526,40,37
157,21500158,31,33,0.484375,42,30,0.422535211268,41,34
158,21500159,36,47,0.433734939759,44,32,0.426666666667,43,44
159,21500160,34,48,0.414634146341,48,37,0.46835443038,42,40
160,21500161,32,43,0.426666666667,51,33,0.351063829787,61,54
161,21500162,35,53,0.397727272727,45,34,0.425,46,42
162,21500163,35,42,0.454545454545,33,45,0.529411764706,40,43
163,21500164,40,37,0.519480519481,34,36,0.461538461538,42,40
164,21500165,38,41,0.481012658228,49,43,0.477777777778,47,37
165,21500166,41,69,0.372727272727,54,36,0.423529411765,49,57
166,21500167,31,41,0.430555555556,43,42,0.45652173913,50,48
167,21500168,36,54,0.4,43,37,0.513888888889,35,39
168,21500169,38,51,0.426966292135,45,38,0.441860465116,48,52
169,21500170,30,60,0.333333333333,51,34,0.390804597701,53,48
170,21500171,38,47,0.447058823529,50,42,0.446808510638,52,40
171,21500172,40,44,0.47619047619,50,37,0.381443298969,60,50
172,21500173,34,37,0.478873239437,41,32,0.410256410256,46,37
173,21500174,36,54,0.4,43,39,0.481481481481,42,47
174,21500175,37,47,0.440476190476,41,40,0.493827160494,41,42
175,21500176,40,31,0.56338028169,43,37,0.513888888889,35,22
176,21500177,39,44,0.469879518072,35,36,0.507042253521,35,44
177,21500178,40,41,0.493827160494,41,32,0.405063291139,47,42
178,21500179,49,36,0.576470588235,41,35,0.393258426966,54,44
179,21500180,36,49,0.423529411765,47,27,0.369863013699,46,49
180,21500181,30,44,0.405405405405,40,39,0.453488372093,47,45
181,21500182,37,48,0.435294117647,53,34,0.404761904762,50,43
182,21500183,34,57,0.373626373626,49,32,0.450704225352,39,36
183,21500184,33,44,0.428571428571,34,34,0.430379746835,45,48
184,21500185,40,49,0.449438202247,38,39,0.5,39,42
185,21500186,37,52,0.415730337079,55,37,0.435294117647,48,42
186,21500187,34,40,0.459459459459,49,34,0.390804597701,53,43
187,21500188,32,42,0.432432432432,41,33,0.428571428571,44,41
188,21500189,37,54,0.406593406593,50,31,0.382716049383,50,47
189,21500190,46,44,0.511111111111,42,33,0.423076923077,45,43
190,21500191,39,44,0.469879518072,51,31,0.364705882353,54,38
191,21500192,35,43,0.448717948718,38,38,0.487179487179,40,42
192,21500193,28,39,0.417910447761,45,28,0.354430379747,51,43
193,21500194,34,46,0.425,42,34,0.425,46,45
194,21500195,33,38,0.464788732394,40,31,0.424657534247,42,35
195,21500196,28,45,0.383561643836,42,27,0.355263157895,49,46
196,21500197,36,39,0.48,49,35,0.426829268293,47,35
197,21500198,38,46,0.452380952381,49,33,0.375,55,46
198,21500199,46,43,0.516853932584,41,42,0.518518518519,39,36
199,21500200,35,49,0.416666666667,41,47,0.52808988764,42,46
200,21500201,29,56,0.341176470588,51,43,0.494252873563,44,43
201,21500202,49,49,0.5,48,50,0.490196078431,52,46
202,21500203,41,38,0.518987341772,41,39,0.4875,41,39
203,21500204,29,50,0.367088607595,56,26,0.305882352941,59,49
204,21500205,42,40,0.512195121951,45,31,0.340659340659,60,48
205,21500206,34,42,0.447368421053,41,32,0.410256410256,46,41
206,21500207,40,40,0.5,38,33,0.458333333333,39,37
207,21500208,28,45,0.383561643836,41,42,0.545454545455,35,36
208,21500209,37,45,0.451219512195,40,42,0.538461538462,36,41
209,21500210,45,35,0.5625,43,34,0.414634146341,48,33
210,21500211,35,49,0.416666666667,42,29,0.381578947368,47,48
211,21500212,27,47,0.364864864865,48,37,0.46835443038,42,43
212,21500213,31,57,0.352272727273,55,30,0.361445783133,53,44
213,21500214,44,47,0.483516483516,48,31,0.373493975904,52,45
214,21500215,39,44,0.469879518072,51,31,0.35632183908,56,41
215,21500216,33,52,0.388235294118,48,30,0.365853658537,52,47
216,21500217,30,60,0.333333333333,54,31,0.373493975904,52,50
217,21500218,40,57,0.412371134021,54,31,0.397435897436,47,43
218,21500219,37,39,0.486842105263,40,35,0.432098765432,46,42
219,21500220,30,41,0.422535211268,37,37,0.474358974359,41,41
220,21500221,42,46,0.477272727273,37,43,0.565789473684,33,42
221,21500222,31,48,0.392405063291,45,29,0.3625,51,53
222,21500223,41,37,0.525641025641,42,42,0.451612903226,51,45
223,21500224,32,48,0.4,52,33,0.40243902439,49,46
224,21500225,41,52,0.440860215054,44,38,0.493506493506,39,42
225,21500226,35,37,0.486111111111,35,37,0.493333333333,38,39
226,21500227,30,47,0.38961038961,38,34,0.41975308642,47,50
227,21500228,42,39,0.518518518519,41,31,0.418918918919,43,38
228,21500229,42,55,0.432989690722,58,26,0.313253012048,57,46
229,21500230,31,53,0.369047619048,39,32,0.426666666667,43,42
230,21500231,36,50,0.418604651163,51,30,0.333333333333,60,47
231,21500232,38,35,0.520547945205,49,39,0.475609756098,43,33
232,21500233,32,45,0.415584415584,37,35,0.466666666667,40,40
233,21500234,36,42,0.461538461538,58,27,0.313953488372,59,38
234,21500235,28,46,0.378378378378,37,36,0.48,39,42
235,21500236,44,47,0.483516483516,30,45,0.5625,35,53
236,21500237,33,49,0.40243902439,36,36,0.473684210526,40,46
237,21500238,39,43,0.475609756098,49,34,0.36170212766,60,50
238,21500239,27,55,0.329268292683,42,30,0.422535211268,41,48
239,21500240,35,52,0.402298850575,49,33,0.407407407407,48,46
240,21500241,27,44,0.380281690141,42,29,0.391891891892,45,45
241,21500242,37,45,0.451219512195,49,36,0.418604651163,50,43
242,21500243,37,44,0.456790123457,49,29,0.420289855072,40,35
243,21500244,37,40,0.480519480519,46,36,0.439024390244,46,33
244,21500245,35,41,0.460526315789,48,37,0.377551020408,61,48
245,21500246,26,43,0.376811594203,43,32,0.395061728395,49,46
246,21500247,38,36,0.513513513514,39,34,0.430379746835,45,39
247,21500248,33,46,0.417721518987,51,32,0.323232323232,67,51
248,21500249,43,48,0.472527472527,54,35,0.402298850575,52,34
249,21500250,36,48,0.428571428571,43,40,0.425531914894,54,50
250,21500251,33,47,0.4125,49,29,0.381578947368,47,41
251,21500252,42,33,0.56,43,42,0.446808510638,52,39
252,21500253,35,61,0.364583333333,54,34,0.409638554217,49,50
253,21500254,42,40,0.512195121951,46,35,0.397727272727,53,45
254,21500255,32,39,0.450704225352,38,38,0.475,42,40
255,21500256,38,51,0.426966292135,51,37,0.397849462366,56,48
256,21500257,35,49,0.416666666667,51,36,0.404494382022,53,47
257,21500258,35,42,0.454545454545,38,27,0.364864864865,47,43
258,21500259,38,49,0.436781609195,35,37,0.46835443038,42,45
259,21500260,34,43,0.441558441558,42,36,0.428571428571,48,40
260,21500261,33,52,0.388235294118,55,32,0.372093023256,54,54
261,21500262,27,55,0.329268292683,47,37,0.456790123457,44,39
262,21500263,36,42,0.461538461538,47,32,0.363636363636,56,46
263,21500264,38,43,0.469135802469,42,33,0.44,42,39
264,21500265,29,48,0.376623376623,46,37,0.435294117647,48,44
265,21500266,34,46,0.425,37,41,0.465909090909,47,49
266,21500267,37,59,0.385416666667,50,42,0.451612903226,51,49
267,21500268,34,59,0.365591397849,41,45,0.51724137931,42,53
268,21500269,36,42,0.461538461538,41,39,0.414893617021,55,45
269,21500270,44,43,0.505747126437,50,47,0.484536082474,50,36
270,21500271,35,50,0.411764705882,50,31,0.364705882353,54,42
271,21500272,33,57,0.366666666667,43,36,0.455696202532,43,50
272,21500273,32,53,0.376470588235,62,36,0.387096774194,57,49
273,21500274,36,51,0.413793103448,42,35,0.402298850575,52,56
274,21500275,35,53,0.397727272727,54,26,0.333333333333,52,44
275,21500276,30,49,0.379746835443,40,31,0.413333333333,44,47
276,21500277,40,41,0.493827160494,35,34,0.435897435897,44,44
277,21500278,35,53,0.397727272727,39,37,0.4625,43,42
278,21500279,31,41,0.430555555556,39,38,0.436781609195,49,40
279,21500280,28,50,0.358974358974,37,40,0.5,40,48
280,21500281,44,41,0.517647058824,48,36,0.418604651163,50,41
281,21500282,28,48,0.368421052632,46,38,0.463414634146,44,40
282,21500283,38,48,0.441860465116,44,39,0.433333333333,51,49
283,21500284,39,42,0.481481481481,41,41,0.5,41,35
284,21500285,34,48,0.414634146341,46,39,0.448275862069,48,51
285,21500286,37,37,0.5,43,31,0.364705882353,54,42
286,21500287,33,44,0.428571428571,42,35,0.4375,45,45
287,21500288,40,43,0.481927710843,46,38,0.431818181818,50,43
288,21500289,35,37,0.486111111111,40,36,0.45,44,47
289,21500290,38,51,0.426966292135,38,34,0.472222222222,38,43
290,21500291,34,31,0.523076923077,41,30,0.357142857143,54,36
291,21500292,36,52,0.409090909091,52,37,0.415730337079,52,50
292,21500293,35,42,0.454545454545,43,46,0.469387755102,52,47
293,21500294,38,45,0.457831325301,45,37,0.493333333333,38,40
294,21500295,43,45,0.488636363636,49,32,0.421052631579,44,37
295,21500296,41,39,0.5125,47,38,0.447058823529,47,39
296,21500297,39,49,0.443181818182,54,40,0.430107526882,53,44
297,21500298,37,45,0.451219512195,45,40,0.444444444444,50,51
298,21500299,35,54,0.393258426966,46,35,0.432098765432,46,47
299,21500300,37,50,0.425287356322,46,40,0.487804878049,42,46
300,21500301,40,52,0.434782608696,61,32,0.4,48,39
301,21500302,42,47,0.47191011236,31,38,0.5,38,50
302,21500303,34,51,0.4,62,35,0.397727272727,53,41
303,21500304,35,48,0.421686746988,57,31,0.360465116279,55,41
304,21500305,16,36,0.307692307692,23,35,0.660377358491,18,34
305,21500306,37,28,0.569230769231,34,43,0.483146067416,46,37
306,21500307,39,44,0.469879518072,37,37,0.451219512195,45,43
307,21500308,33,40,0.452054794521,38,31,0.3875,49,47
308,21500309,40,49,0.449438202247,48,39,0.433333333333,51,40
309,21500310,30,43,0.41095890411,45,32,0.380952380952,52,46
310,21500311,36,46,0.439024390244,46,38,0.441860465116,48,43
311,21500312,36,53,0.404494382022,44,40,0.493827160494,41,46
312,21500313,40,39,0.506329113924,30,39,0.5,39,36
313,21500314,44,56,0.44,44,51,0.542553191489,43,46
314,21500315,45,36,0.555555555556,42,37,0.4625,43,36
315,21500316,32,48,0.4,33,46,0.55421686747,37,46
316,21500317,27,56,0.325301204819,47,36,0.418604651163,50,54
317,21500318,42,34,0.552631578947,40,36,0.4,54,44
318,21500319,37,54,0.406593406593,45,39,0.428571428571,52,50
319,21500320,39,41,0.4875,40,27,0.369863013699,46,43
320,21500321,37,50,0.425287356322,47,39,0.475609756098,43,42
321,21500322,35,50,0.411764705882,43,41,0.465909090909,47,53
322,21500323,34,27,0.55737704918,34,31,0.424657534247,42,35
323,21500324,38,48,0.441860465116,40,37,0.4625,43,51
324,21500325,45,47,0.489130434783,47,44,0.494382022472,45,40
325,21500326,38,39,0.493506493506,44,38,0.457831325301,45,32
326,21500327,37,41,0.474358974359,51,30,0.38961038961,47,36
327,21500328,33,64,0.340206185567,51,36,0.461538461538,42,47
328,21500329,37,37,0.5,43,33,0.383720930233,53,38
329,21500330,30,56,0.348837209302,54,30,0.340909090909,58,52
330,21500331,38,41,0.481012658228,52,35,0.448717948718,43,34
331,21500332,40,51,0.43956043956,44,31,0.382716049383,50,54
332,21500333,36,50,0.418604651163,45,34,0.425,46,45
333,21500334,27,44,0.380281690141,30,41,0.569444444444,31,43
334,21500335,35,44,0.443037974684,44,40,0.444444444444,50,48
335,21500336,47,65,0.419642857143,51,39,0.375,65,67
336,21500337,33,36,0.478260869565,39,33,0.4125,47,40
337,21500338,32,48,0.4,40,38,0.493506493506,39,41
338,21500339,39,40,0.493670886076,41,39,0.493670886076,40,33
339,21500340,37,48,0.435294117647,50,38,0.436781609195,49,43
340,21500341,31,45,0.407894736842,39,34,0.447368421053,42,45
341,21500342,44,38,0.536585365854,49,35,0.402298850575,52,36
342,21500343,36,47,0.433734939759,40,43,0.457446808511,51,51
343,21500344,34,44,0.435897435897,46,43,0.5,43,40
344,21500345,35,52,0.402298850575,52,40,0.416666666667,56,42
345,21500346,44,45,0.494382022472,46,39,0.4875,41,33
346,21500347,30,50,0.375,33,36,0.486486486486,38,49
347,21500348,33,45,0.423076923077,48,39,0.443181818182,49,41
348,21500349,45,43,0.511363636364,52,34,0.390804597701,53,40
349,21500350,36,51,0.413793103448,46,41,0.5,41,39
350,21500351,44,46,0.488888888889,44,36,0.404494382022,53,49
351,21500352,39,48,0.448275862069,39,36,0.5,36,34
352,21500353,37,48,0.435294117647,38,32,0.444444444444,40,38
353,21500354,34,40,0.459459459459,35,38,0.506666666667,37,33
354,21500355,29,46,0.386666666667,41,27,0.325301204819,56,52
355,21500356,32,44,0.421052631579,42,38,0.408602150538,55,44
356,21500357,40,45,0.470588235294,44,24,0.328767123288,49,45
357,21500358,29,49,0.371794871795,39,40,0.533333333333,35,43
358,21500359,37,52,0.415730337079,54,44,0.453608247423,53,39
359,21500360,33,51,0.392857142857,37,38,0.436781609195,49,54
360,21500361,41,42,0.493975903614,53,38,0.413043478261,54,36
361,21500362,44,34,0.564102564103,39,36,0.423529411765,49,36
362,21500363,32,39,0.450704225352,41,32,0.405063291139,47,47
363,21500364,39,33,0.541666666667,48,31,0.402597402597,46,32
364,21500365,42,40,0.512195121951,52,40,0.46511627907,46,26
365,21500366,35,46,0.432098765432,50,34,0.425,46,41
366,21500367,27,59,0.313953488372,41,32,0.432432432432,42,46
367,21500368,36,41,0.467532467532,31,41,0.561643835616,32,39
368,21500369,38,37,0.506666666667,47,34,0.414634146341,48,36
369,21500370,36,48,0.428571428571,52,37,0.451219512195,45,38
370,21500371,42,46,0.477272727273,47,32,0.359550561798,57,47
371,21500372,43,34,0.558441558442,40,35,0.448717948718,43,33
372,21500373,39,47,0.453488372093,35,39,0.527027027027,35,45
373,21500374,35,40,0.466666666667,36,43,0.483146067416,46,44
374,21500375,34,48,0.414634146341,50,41,0.41,59,50
375,21500376,46,30,0.605263157895,25,39,0.52,36,32
376,21500377,33,48,0.407407407407,45,31,0.413333333333,44,41
377,21500378,36,41,0.467532467532,51,31,0.340659340659,60,47
378,21500379,43,39,0.524390243902,43,34,0.409638554217,49,38
379,21500380,30,35,0.461538461538,34,30,0.434782608696,39,36
380,21500381,42,42,0.5,49,40,0.444444444444,50,41
381,21500382,35,39,0.472972972973,40,38,0.431818181818,50,41
382,21500383,35,48,0.421686746988,51,35,0.360824742268,62,46
383,21500384,39,47,0.453488372093,42,34,0.465753424658,39,36
384,21500385,35,48,0.421686746988,46,34,0.386363636364,54,54
385,21500386,36,52,0.409090909091,52,34,0.404761904762,50,42
386,21500387,37,45,0.451219512195,48,32,0.438356164384,41,42
387,21500388,34,40,0.459459459459,36,38,0.457831325301,45,49
388,21500389,34,43,0.441558441558,43,41,0.465909090909,47,42
389,21500390,33,39,0.458333333333,34,40,0.506329113924,39,38
390,21500391,49,70,0.411764705882,62,55,0.447154471545,68,64
391,21500392,36,43,0.455696202532,49,37,0.4625,43,31
392,21500393,40,44,0.47619047619,44,35,0.492957746479,36,37
393,21500394,32,44,0.421052631579,50,30,0.375,50,39
394,21500395,32,39,0.450704225352,39,30,0.384615384615,48,44
395,21500396,44,40,0.52380952381,45,25,0.357142857143,45,36
396,21500397,37,45,0.451219512195,46,40,0.449438202247,49,41
397,21500398,44,38,0.536585365854,56,30,0.348837209302,56,32
398,21500399,38,39,0.493506493506,38,39,0.41935483871,54,51
399,21500400,39,41,0.4875,43,36,0.387096774194,57,47
400,21500401,34,42,0.447368421053,55,32,0.380952380952,52,38
401,21500402,35,46,0.432098765432,46,28,0.373333333333,47,45
402,21500403,31,46,0.402597402597,39,37,0.46835443038,42,46
403,21500404,41,32,0.561643835616,30,39,0.4875,41,42
404,21500405,40,45,0.470588235294,40,29,0.341176470588,56,49
405,21500406,33,41,0.445945945946,39,40,0.512820512821,38,37
406,21500407,37,43,0.4625,36,38,0.493506493506,39,41
407,21500408,34,58,0.369565217391,49,40,0.526315789474,36,41
408,21500409,44,51,0.463157894737,39,44,0.564102564103,34,36
409,21500410,37,41,0.474358974359,38,34,0.386363636364,54,46
410,21500411,44,43,0.505747126437,50,36,0.455696202532,43,36
411,21500412,36,37,0.493150684932,39,44,0.511627906977,42,33
412,21500413,36,40,0.473684210526,31,37,0.4625,43,50
413,21500414,40,52,0.434782608696,45,42,0.451612903226,51,51
414,21500415,33,38,0.464788732394,49,29,0.349397590361,54,35
415,21500416,44,43,0.505747126437,45,38,0.422222222222,52,48
416,21500417,35,43,0.448717948718,47,29,0.376623376623,48,40
417,21500418,39,46,0.458823529412,45,38,0.457831325301,45,44
418,21500419,30,35,0.461538461538,42,37,0.451219512195,45,36
419,21500420,36,49,0.423529411765,40,33,0.434210526316,43,43
420,21500421,33,39,0.458333333333,53,39,0.428571428571,52,34
421,21500422,41,49,0.455555555556,44,40,0.47619047619,44,40
422,21500423,28,52,0.35,44,36,0.423529411765,49,49
423,21500424,30,51,0.37037037037,48,31,0.382716049383,50,44
424,21500425,40,48,0.454545454545,38,46,0.516853932584,43,49
425,21500426,42,40,0.512195121951,42,41,0.493975903614,42,36
426,21500427,37,45,0.451219512195,44,30,0.434782608696,39,35
427,21500428,46,50,0.479166666667,43,44,0.543209876543,37,34
428,21500429,39,46,0.458823529412,42,38,0.426966292135,51,46
429,21500430,50,34,0.595238095238,34,37,0.456790123457,44,41
430,21500431,30,42,0.416666666667,31,43,0.530864197531,38,47
431,21500432,40,44,0.47619047619,49,33,0.347368421053,62,58
432,21500433,34,51,0.4,46,40,0.449438202247,49,50
433,21500434,36,44,0.45,40,32,0.405063291139,47,40
434,21500435,32,56,0.363636363636,35,50,0.531914893617,44,60
435,21500436,33,53,0.383720930233,57,34,0.386363636364,54,45
436,21500437,36,59,0.378947368421,48,40,0.434782608696,52,53
437,21500438,31,46,0.402597402597,49,26,0.285714285714,65,55
438,21500439,31,42,0.424657534247,42,35,0.402298850575,52,47
439,21500440,31,45,0.407894736842,40,38,0.447058823529,47,45
440,21500441,34,47,0.41975308642,38,42,0.518518518519,39,44
441,21500442,47,41,0.534090909091,37,37,0.46835443038,42,42
442,21500443,27,41,0.397058823529,43,37,0.411111111111,53,48
443,21500444,43,36,0.544303797468,34,35,0.472972972973,39,38
444,21500445,37,37,0.5,40,38,0.452380952381,46,35
445,21500446,32,56,0.363636363636,51,38,0.457831325301,45,47
446,21500447,41,46,0.471264367816,50,40,0.487804878049,42,39
447,21500448,35,40,0.466666666667,33,40,0.5,40,39
448,21500449,36,47,0.433734939759,42,40,0.526315789474,36,41
449,21500450,38,42,0.475,41,35,0.421686746988,48,36
450,21500451,34,54,0.386363636364,41,36,0.467532467532,41,48
451,21500452,35,38,0.479452054795,36,36,0.467532467532,41,34
452,21500453,40,48,0.454545454545,49,27,0.355263157895,49,42
453,21500454,36,49,0.423529411765,51,30,0.348837209302,56,48
454,21500455,40,35,0.533333333333,41,32,0.380952380952,52,46
455,21500456,43,35,0.551282051282,43,42,0.466666666667,48,37
456,21500457,30,46,0.394736842105,43,38,0.413043478261,54,52
457,21500458,43,46,0.483146067416,46,33,0.397590361446,50,41
458,21500459,35,49,0.416666666667,40,31,0.418918918919,43,44
459,21500460,45,37,0.548780487805,37,37,0.44578313253,46,42
460,21500461,31,53,0.369047619048,45,37,0.5,37,37
461,21500462,35,42,0.454545454545,42,33,0.417721518987,46,50
462,21500463,37,47,0.440476190476,49,38,0.431818181818,50,46
463,21500464,37,46,0.44578313253,34,36,0.467532467532,41,52
464,21500465,34,35,0.492753623188,36,37,0.4625,43,32
465,21500466,36,43,0.455696202532,44,32,0.457142857143,38,37
466,21500467,24,56,0.3,53,35,0.411764705882,50,37
467,21500468,41,46,0.471264367816,59,36,0.382978723404,58,48
468,21500469,41,36,0.532467532468,36,36,0.409090909091,52,39
469,21500470,38,33,0.535211267606,46,42,0.428571428571,56,45
470,21500471,37,49,0.43023255814,46,33,0.428571428571,44,38
471,21500472,43,43,0.5,41,49,0.49,51,47
472,21500473,36,52,0.409090909091,52,36,0.428571428571,48,44
473,21500474,37,50,0.425287356322,42,36,0.514285714286,34,39
474,21500475,36,46,0.439024390244,50,32,0.4,48,37
475,21500476,38,50,0.431818181818,45,42,0.451612903226,51,52
476,21500477,27,54,0.333333333333,55,35,0.402298850575,52,44
477,21500478,35,49,0.416666666667,53,36,0.375,60,46
478,21500479,34,41,0.453333333333,47,27,0.341772151899,52,44
479,21500480,37,40,0.480519480519,52,31,0.392405063291,48,37
480,21500481,41,33,0.554054054054,46,31,0.3875,49,36
481,21500482,35,46,0.432098765432,47,36,0.418604651163,50,44
482,21500483,36,38,0.486486486486,46,40,0.425531914894,54,53
483,21500484,40,41,0.493827160494,35,44,0.578947368421,32,34
484,21500485,36,42,0.461538461538,33,42,0.506024096386,41,43
485,21500486,41,45,0.476744186047,52,34,0.4,51,36
486,21500487,32,46,0.410256410256,42,35,0.388888888889,55,47
487,21500488,39,38,0.506493506494,37,43,0.524390243902,39,37
488,21500489,41,43,0.488095238095,42,34,0.441558441558,43,39
489,21500490,41,49,0.455555555556,46,37,0.451219512195,45,39
490,21500491,42,36,0.538461538462,50,31,0.35632183908,56,40
491,21500492,35,55,0.388888888889,54,33,0.392857142857,51,43
492,21500493,37,46,0.44578313253,54,31,0.369047619048,53,42
493,21500494,32,54,0.372093023256,50,30,0.361445783133,53,50
494,21500495,34,54,0.386363636364,51,37,0.402173913043,55,50
495,21500496,50,34,0.595238095238,46,42,0.512195121951,40,25
496,21500497,28,55,0.33734939759,34,35,0.443037974684,44,53
497,21500498,31,40,0.43661971831,47,32,0.347826086957,60,48
498,21500499,34,48,0.414634146341,53,29,0.381578947368,47,45
499,21500500,33,51,0.392857142857,47,32,0.426666666667,43,48
500,21500501,32,47,0.405063291139,33,39,0.475609756098,43,53
501,21500502,42,41,0.506024096386,39,36,0.493150684932,37,37
502,21500503,29,44,0.397260273973,48,31,0.392405063291,48,40
503,21500504,38,42,0.475,46,40,0.39603960396,61,52
504,21500505,47,32,0.594936708861,47,39,0.448275862069,48,33
505,21500506,42,44,0.488372093023,46,37,0.440476190476,47,32
506,21500507,40,50,0.444444444444,37,37,0.480519480519,40,42
507,21500508,27,60,0.310344827586,45,38,0.447058823529,47,54
508,21500509,30,46,0.394736842105,41,38,0.5,38,41
509,21500510,35,46,0.432098765432,54,31,0.352272727273,57,45
510,21500511,39,33,0.541666666667,40,35,0.486111111111,37,26
511,21500512,46,39,0.541176470588,37,38,0.527777777778,34,27
512,21500513,31,53,0.369047619048,53,40,0.43956043956,51,48
513,21500514,41,45,0.476744186047,54,36,0.444444444444,45,30
514,21500515,32,56,0.363636363636,52,34,0.373626373626,57,55
515,21500516,35,40,0.466666666667,35,47,0.534090909091,41,44
516,21500517,39,50,0.438202247191,39,40,0.449438202247,49,48
517,21500518,27,45,0.375,44,32,0.477611940299,35,34
518,21500519,27,44,0.380281690141,42,34,0.377777777778,56,52
519,21500520,35,42,0.454545454545,37,37,0.435294117647,48,41
520,21500521,36,50,0.418604651163,41,36,0.45,44,46
521,21500522,45,37,0.548780487805,45,46,0.450980392157,56,43
522,21500523,40,53,0.430107526882,55,44,0.458333333333,52,49
523,21500524,28,62,0.311111111111,52,39,0.458823529412,46,53
524,21500525,35,45,0.4375,35,34,0.523076923077,31,34
525,21500526,32,47,0.405063291139,39,31,0.413333333333,44,42
526,21500527,41,34,0.546666666667,33,45,0.523255813953,41,44
527,21500528,33,57,0.366666666667,39,31,0.430555555556,41,47
528,21500529,30,47,0.38961038961,39,33,0.423076923077,45,49
529,21500530,28,45,0.383561643836,40,28,0.35,52,46
530,21500531,31,58,0.348314606742,51,37,0.425287356322,50,52
531,21500532,50,34,0.595238095238,38,37,0.46835443038,42,34
532,21500533,41,43,0.488095238095,39,36,0.423529411765,49,44
533,21500534,36,45,0.444444444444,52,34,0.38202247191,55,39
534,21500535,35,48,0.421686746988,49,42,0.506024096386,41,42
535,21500536,36,47,0.433734939759,43,47,0.522222222222,43,48
536,21500537,37,55,0.402173913043,54,35,0.357142857143,63,51
537,21500538,36,36,0.5,41,35,0.466666666667,40,35
538,21500539,44,37,0.543209876543,37,40,0.547945205479,33,32
539,21500540,33,51,0.392857142857,35,29,0.414285714286,41,47
540,21500541,27,44,0.380281690141,41,33,0.397590361446,50,49
541,21500542,25,52,0.324675324675,43,32,0.367816091954,55,59
542,21500543,36,43,0.455696202532,33,41,0.518987341772,38,43
543,21500544,28,52,0.35,37,36,0.444444444444,45,54
544,21500545,37,43,0.4625,43,35,0.416666666667,49,42
545,21500546,38,52,0.422222222222,49,37,0.411111111111,53,44
546,21500547,38,52,0.422222222222,46,31,0.455882352941,37,41
547,21500548,37,58,0.389473684211,45,44,0.517647058824,41,48
548,21500549,39,44,0.469879518072,34,44,0.5,44,45
549,21500550,39,51,0.433333333333,47,30,0.361445783133,53,47
550,21500551,49,45,0.521276595745,40,32,0.405063291139,47,46
551,21500552,37,36,0.506849315068,37,42,0.552631578947,34,27
552,21500553,42,49,0.461538461538,47,36,0.45,44,38
553,21500554,39,41,0.4875,35,41,0.546666666667,34,37
554,21500555,36,32,0.529411764706,37,34,0.414634146341,48,39
555,21500556,43,49,0.467391304348,34,49,0.563218390805,38,48
556,21500557,33,46,0.417721518987,38,36,0.467532467532,41,39
557,21500558,41,47,0.465909090909,47,40,0.4,60,56
558,21500559,34,42,0.447368421053,48,32,0.367816091954,55,51
559,21500560,30,53,0.361445783133,58,36,0.413793103448,51,39
560,21500561,38,50,0.431818181818,49,43,0.477777777778,47,39
561,21500562,38,45,0.457831325301,43,30,0.384615384615,48,42
562,21500563,29,45,0.391891891892,44,29,0.353658536585,53,40
563,21500564,42,58,0.42,52,36,0.48,39,42
564,21500565,28,60,0.318181818182,41,28,0.424242424242,38,45
565,21500566,31,40,0.43661971831,30,43,0.530864197531,38,40
566,21500567,31,47,0.397435897436,44,47,0.479591836735,51,43
567,21500568,39,45,0.464285714286,49,37,0.425287356322,50,47
568,21500569,40,38,0.512820512821,41,36,0.404494382022,53,45
569,21500570,37,53,0.411111111111,41,40,0.47619047619,44,49
570,21500571,36,38,0.486486486486,39,40,0.47619047619,44,42
571,21500572,31,39,0.442857142857,31,33,0.428571428571,44,42
572,21500573,43,50,0.462365591398,40,32,0.390243902439,50,57
573,21500574,36,45,0.444444444444,45,39,0.464285714286,45,41
574,21500575,35,40,0.466666666667,44,39,0.40625,57,46
575,21500576,30,55,0.352941176471,47,38,0.417582417582,53,51
576,21500577,36,46,0.439024390244,54,28,0.354430379747,51,37
577,21500578,36,46,0.439024390244,30,36,0.514285714286,34,47
578,21500579,44,41,0.517647058824,45,37,0.425287356322,50,47
579,21500580,38,50,0.431818181818,49,33,0.379310344828,54,48
580,21500581,37,38,0.493333333333,39,35,0.454545454545,42,43
581,21500582,38,44,0.463414634146,54,32,0.390243902439,50,41
582,21500583,37,50,0.425287356322,49,42,0.477272727273,46,39
583,21500584,37,49,0.43023255814,54,29,0.391891891892,45,38
584,21500585,40,43,0.481927710843,52,41,0.414141414141,58,45
585,21500586,39,54,0.41935483871,43,31,0.442857142857,39,49
586,21500587,39,51,0.433333333333,34,38,0.447058823529,47,53
587,21500588,44,53,0.453608247423,46,37,0.411111111111,53,47
588,21500589,33,39,0.458333333333,29,34,0.492753623188,35,35
589,21500590,33,45,0.423076923077,45,37,0.456790123457,44,43
590,21500591,32,48,0.4,38,32,0.444444444444,40,54
591,21500592,40,43,0.481927710843,47,37,0.425287356322,50,47
592,21500593,36,42,0.461538461538,35,50,0.515463917526,47,54
593,21500594,46,42,0.522727272727,40,32,0.385542168675,51,45
594,21500595,40,54,0.425531914894,56,35,0.393258426966,54,45
595,21500596,36,47,0.433734939759,46,45,0.494505494505,46,42
596,21500597,30,55,0.352941176471,47,28,0.373333333333,47,43
597,21500598,40,44,0.47619047619,38,39,0.469879518072,44,38
598,21500599,39,56,0.410526315789,60,43,0.43,57,43
599,21500600,31,46,0.402597402597,37,38,0.481012658228,41,42
600,21500601,26,48,0.351351351351,40,33,0.383720930233,53,49
601,21500602,43,35,0.551282051282,40,34,0.435897435897,44,36
602,21500603,32,54,0.372093023256,35,38,0.535211267606,33,46
603,21500604,37,49,0.43023255814,42,39,0.443181818182,49,47
604,21500605,45,54,0.454545454545,57,34,0.36170212766,60,47
605,21500606,40,34,0.540540540541,45,33,0.383720930233,53,38
606,21500607,35,43,0.448717948718,44,35,0.454545454545,42,36
607,21500608,38,42,0.475,51,28,0.32183908046,59,44
608,21500609,38,58,0.395833333333,46,35,0.466666666667,40,52
609,21500610,39,30,0.565217391304,41,35,0.432098765432,46,30
610,21500611,39,48,0.448275862069,44,27,0.391304347826,42,36
611,21500612,36,48,0.428571428571,51,29,0.358024691358,52,45
612,21500613,42,45,0.48275862069,42,48,0.585365853659,34,33
613,21500614,36,45,0.444444444444,36,43,0.477777777778,47,51
614,21500615,39,54,0.41935483871,53,44,0.435643564356,57,51
615,21500616,41,47,0.465909090909,50,41,0.405940594059,60,49
616,21500617,33,40,0.452054794521,35,41,0.5,41,48
617,21500618,35,40,0.466666666667,40,35,0.479452054795,38,34
618,21500619,40,53,0.430107526882,50,42,0.512195121951,40,38
619,21500620,41,39,0.5125,47,30,0.344827586207,57,42
620,21500621,40,42,0.487804878049,36,37,0.5,37,40
621,21500622,34,39,0.465753424658,31,40,0.56338028169,31,35
622,21500623,37,53,0.411111111111,51,36,0.4,54,49
623,21500624,47,44,0.516483516484,41,43,0.494252873563,44,52
624,21500625,26,47,0.356164383562,38,32,0.457142857143,38,39
625,21500626,41,41,0.5,40,36,0.473684210526,40,39
626,21500627,35,48,0.421686746988,48,41,0.422680412371,56,52
627,21500628,28,53,0.345679012346,53,32,0.395061728395,49,46
628,21500629,32,51,0.385542168675,47,31,0.449275362319,38,41
629,21500630,42,41,0.506024096386,34,32,0.477611940299,35,31
630,21500631,32,49,0.395061728395,39,34,0.453333333333,41,45
631,21500632,47,43,0.522222222222,38,36,0.423529411765,49,40
632,21500633,44,37,0.543209876543,37,42,0.5,42,33
633,21500634,29,63,0.315217391304,49,50,0.526315789474,45,55
634,21500635,42,52,0.446808510638,48,36,0.461538461538,42,52
635,21500636,38,44,0.463414634146,51,34,0.41975308642,47,34
636,21500637,38,55,0.408602150538,46,35,0.406976744186,51,52
637,21500638,32,58,0.355555555556,41,43,0.483146067416,46,59
638,21500639,41,53,0.436170212766,50,37,0.435294117647,48,43
639,21500640,41,41,0.5,47,36,0.45,44,35
640,21500641,45,40,0.529411764706,44,36,0.404494382022,53,44
641,21500642,34,44,0.435897435897,40,33,0.478260869565,36,37
642,21500643,33,59,0.358695652174,56,34,0.409638554217,49,42
643,21500644,32,49,0.395061728395,43,40,0.47619047619,44,43
644,21500645,44,46,0.488888888889,48,44,0.44,56,48
645,21500646,43,53,0.447916666667,46,38,0.426966292135,51,50
646,21500647,31,42,0.424657534247,24,43,0.573333333333,32,40
647,21500648,32,52,0.380952380952,42,43,0.565789473684,33,36
648,21500649,34,40,0.459459459459,41,33,0.407407407407,48,42
649,21500650,38,56,0.404255319149,42,39,0.458823529412,46,48
650,21500651,38,47,0.447058823529,33,42,0.477272727273,46,47
651,21500652,41,47,0.465909090909,50,42,0.451612903226,51,44
652,21500653,34,46,0.425,45,42,0.5,42,35
653,21500654,39,44,0.469879518072,36,29,0.386666666667,46,48
654,21500655,27,54,0.333333333333,49,29,0.376623376623,48,51
655,21500656,35,54,0.393258426966,47,43,0.443298969072,54,51
656,21500657,43,51,0.457446808511,41,37,0.513888888889,35,43
657,21500658,34,34,0.5,38,36,0.461538461538,42,34
658,21500659,31,59,0.344444444444,48,35,0.416666666667,49,53
659,21500660,34,51,0.4,52,34,0.404761904762,50,43
660,21500661,29,42,0.408450704225,32,39,0.469879518072,44,51
661,21500662,45,46,0.494505494505,42,34,0.492753623188,35,30
662,21500663,36,47,0.433734939759,52,33,0.397590361446,50,41
663,21500664,40,49,0.449438202247,49,43,0.462365591398,50,46
664,21500665,42,46,0.477272727273,40,34,0.441558441558,43,36
665,21500666,39,42,0.481481481481,44,34,0.447368421053,42,34
666,21500667,45,44,0.505617977528,43,35,0.448717948718,43,38
667,21500668,29,43,0.402777777778,39,43,0.483146067416,46,43
668,21500669,34,53,0.390804597701,49,37,0.456790123457,44,46
669,21500670,42,57,0.424242424242,54,38,0.452380952381,46,46
670,21500671,40,49,0.449438202247,50,38,0.475,42,38
671,21500672,30,51,0.37037037037,43,42,0.494117647059,43,42
672,21500673,33,51,0.392857142857,49,34,0.453333333333,41,42
673,21500674,44,43,0.505747126437,56,44,0.4,66,46
674,21500675,38,41,0.481012658228,45,28,0.394366197183,43,38
675,21500676,33,48,0.407407407407,48,32,0.410256410256,46,44
676,21500677,39,42,0.481481481481,41,39,0.469879518072,44,45
677,21500678,35,35,0.5,32,42,0.525,38,37
678,21500679,44,51,0.463157894737,42,45,0.459183673469,53,59
679,21500680,34,44,0.435897435897,48,31,0.402597402597,46,35
680,21500681,36,39,0.48,45,33,0.4125,47,39
681,21500682,39,46,0.458823529412,48,36,0.418604651163,50,45
682,21500683,29,44,0.397260273973,47,31,0.418918918919,43,35
683,21500684,44,36,0.55,37,33,0.471428571429,37,34
684,21500685,40,55,0.421052631579,48,35,0.421686746988,48,53
685,21500686,37,52,0.415730337079,51,38,0.469135802469,43,38
686,21500687,33,46,0.417721518987,49,33,0.388235294118,52,46
687,21500688,48,40,0.545454545455,35,48,0.527472527473,43,47
688,21500689,50,40,0.555555555556,49,27,0.375,45,40
689,21500690,38,41,0.481012658228,45,22,0.338461538462,43,35
690,21500691,42,34,0.552631578947,40,43,0.5,43,34
691,21500692,37,40,0.480519480519,49,32,0.390243902439,50,32
692,21500693,39,49,0.443181818182,41,38,0.487179487179,40,39
693,21500694,36,48,0.428571428571,50,38,0.436781609195,49,40
694,21500695,36,42,0.461538461538,37,29,0.367088607595,50,46
695,21500696,40,55,0.421052631579,47,40,0.449438202247,49,40
696,21500697,29,53,0.353658536585,41,45,0.483870967742,48,51
697,21500698,43,43,0.5,46,31,0.397435897436,47,41
698,21500699,40,44,0.47619047619,39,34,0.435897435897,44,47
699,21500700,35,48,0.421686746988,49,33,0.397590361446,50,47
700,21500701,41,45,0.476744186047,57,36,0.378947368421,59,40
701,21500702,32,43,0.426666666667,49,27,0.350649350649,50,44
702,21500703,37,42,0.46835443038,40,36,0.493150684932,37,34
703,21500704,39,36,0.52,40,34,0.459459459459,40,38
704,21500705,44,47,0.483516483516,51,30,0.379746835443,49,47
705,21500706,38,41,0.481012658228,38,33,0.428571428571,44,48
706,21500707,40,50,0.444444444444,40,45,0.483870967742,48,57
707,21500708,32,42,0.432432432432,45,37,0.435294117647,48,39
708,21500709,42,56,0.428571428571,49,40,0.459770114943,47,45
709,21500710,40,50,0.444444444444,48,39,0.469879518072,44,44
710,21500711,40,45,0.470588235294,37,44,0.517647058824,41,45
711,21500712,38,38,0.5,32,37,0.406593406593,54,51
712,21500713,41,37,0.525641025641,43,38,0.481012658228,41,32
713,21500714,42,39,0.518518518519,46,38,0.417582417582,53,42
714,21500715,38,42,0.475,47,27,0.385714285714,43,31
715,21500716,40,38,0.512820512821,50,38,0.413043478261,54,41
716,21500717,29,47,0.381578947368,42,25,0.347222222222,47,44
717,21500718,30,57,0.344827586207,41,42,0.575342465753,31,44
718,21500719,29,44,0.397260273973,37,33,0.423076923077,45,49
719,21500720,24,53,0.311688311688,42,35,0.368421052632,60,58
720,21500721,42,58,0.42,44,41,0.482352941176,44,45
721,21500722,37,42,0.46835443038,39,42,0.428571428571,56,49
722,21500723,42,38,0.525,50,30,0.357142857143,54,37
723,21500724,35,52,0.402298850575,37,42,0.6,28,40
724,21500725,39,40,0.493670886076,53,39,0.458823529412,46,27
725,21500726,37,37,0.5,42,39,0.40625,57,51
726,21500727,45,38,0.542168674699,49,26,0.346666666667,49,35
727,21500728,37,47,0.440476190476,50,36,0.413793103448,51,42
728,21500729,36,47,0.433734939759,53,42,0.5,42,37
729,21500730,29,51,0.3625,50,40,0.444444444444,50,45
730,21500731,44,40,0.52380952381,34,38,0.447058823529,47,51
731,21500732,35,42,0.454545454545,38,33,0.458333333333,39,35
732,21500733,38,46,0.452380952381,49,37,0.435294117647,48,43
733,21500734,39,40,0.493670886076,31,45,0.569620253165,34,33
734,21500735,39,40,0.493670886076,49,36,0.444444444444,45,28
735,21500736,33,49,0.40243902439,38,41,0.488095238095,43,50
736,21500737,41,54,0.431578947368,49,32,0.376470588235,53,48
737,21500738,33,45,0.423076923077,40,43,0.494252873563,44,44
738,21500739,44,45,0.494382022472,38,48,0.521739130435,44,49
739,21500740,44,49,0.47311827957,50,45,0.483870967742,48,39
740,21500741,32,53,0.376470588235,46,34,0.4,51,54
741,21500742,39,39,0.5,36,41,0.455555555556,49,45
742,21500743,32,41,0.438356164384,38,26,0.371428571429,44,41
743,21500744,40,46,0.46511627907,45,36,0.428571428571,48,49
744,21500745,32,42,0.432432432432,35,37,0.493333333333,38,42
745,21500746,38,39,0.493506493506,42,35,0.421686746988,48,43
746,21500747,38,46,0.452380952381,40,36,0.461538461538,42,48
747,21500748,38,43,0.469135802469,40,39,0.464285714286,45,45
748,21500749,31,51,0.378048780488,54,36,0.423529411765,49,49
749,21500750,38,37,0.506666666667,32,37,0.411111111111,53,53
750,21500751,36,45,0.444444444444,41,41,0.445652173913,51,48
751,21500752,31,47,0.397435897436,39,40,0.540540540541,34,44
752,21500753,38,40,0.487179487179,46,34,0.404761904762,50,38
753,21500754,48,38,0.558139534884,46,44,0.5,44,31
754,21500755,36,50,0.418604651163,47,38,0.431818181818,50,49
755,21500756,30,50,0.375,47,32,0.426666666667,43,37
756,21500757,37,48,0.435294117647,48,42,0.45652173913,50,40
757,21500758,26,47,0.356164383562,45,28,0.405797101449,41,41
758,21500759,24,38,0.387096774194,33,36,0.514285714286,34,40
759,21500760,24,52,0.315789473684,43,35,0.402298850575,52,54
760,21500761,37,43,0.4625,43,37,0.435294117647,48,44
761,21500762,38,35,0.520547945205,41,38,0.481012658228,41,38
762,21500763,35,51,0.406976744186,49,33,0.383720930233,53,42
763,21500764,36,43,0.455696202532,42,35,0.460526315789,41,36
764,21500765,42,44,0.488372093023,51,34,0.404761904762,50,42
765,21500766,42,42,0.5,45,39,0.464285714286,45,31
766,21500767,36,49,0.423529411765,51,34,0.395348837209,52,46
767,21500768,29,50,0.367088607595,39,33,0.428571428571,44,44
768,21500769,40,49,0.449438202247,46,34,0.409638554217,49,50
769,21500770,35,47,0.426829268293,46,37,0.43023255814,49,48
770,21500771,38,46,0.452380952381,43,32,0.363636363636,56,50
771,21500772,32,50,0.390243902439,53,36,0.45,44,42
772,21500773,48,40,0.545454545455,49,45,0.483870967742,48,32
773,21500774,34,45,0.430379746835,56,35,0.388888888889,55,41
774,21500775,44,49,0.47311827957,53,35,0.432098765432,46,44
775,21500776,28,47,0.373333333333,53,24,0.272727272727,64,51
776,21500777,34,56,0.377777777778,54,34,0.36170212766,60,52
777,21500778,40,39,0.506329113924,39,39,0.448275862069,48,42
778,21500779,36,44,0.45,39,39,0.557142857143,31,36
779,21500780,43,49,0.467391304348,47,45,0.489130434783,47,47
780,21500781,42,43,0.494117647059,39,44,0.494382022472,45,37
781,21500782,34,45,0.430379746835,50,46,0.479166666667,50,41
782,21500783,34,36,0.485714285714,36,40,0.481927710843,43,38
783,21500784,35,30,0.538461538462,31,46,0.522727272727,42,43
784,21500785,37,39,0.486842105263,46,39,0.5,39,32
785,21500786,45,43,0.511363636364,38,38,0.457831325301,45,44
786,21500787,29,39,0.426470588235,36,45,0.505617977528,44,44
787,21500788,40,50,0.444444444444,49,37,0.425287356322,50,43
788,21500789,39,52,0.428571428571,39,45,0.51724137931,42,45
789,21500790,36,54,0.4,50,36,0.413793103448,51,44
790,21500791,42,49,0.461538461538,44,44,0.505747126437,43,44
791,21500792,44,48,0.478260869565,43,44,0.517647058824,41,44
792,21500793,33,38,0.464788732394,35,42,0.506024096386,41,35
793,21500794,37,50,0.425287356322,42,38,0.463414634146,44,47
794,21500795,46,46,0.5,46,36,0.428571428571,48,44
795,21500796,35,48,0.421686746988,45,43,0.477777777778,47,46
796,21500797,35,41,0.460526315789,45,38,0.447058823529,47,40
797,21500798,38,43,0.469135802469,40,33,0.471428571429,37,44
798,21500799,39,52,0.428571428571,50,34,0.395348837209,52,50
799,21500800,41,48,0.460674157303,49,36,0.473684210526,40,40
800,21500801,35,46,0.432098765432,58,34,0.386363636364,54,38
801,21500802,45,41,0.523255813953,50,37,0.425287356322,50,31
802,21500803,41,49,0.455555555556,52,34,0.377777777778,56,49
803,21500804,39,39,0.5,45,34,0.414634146341,48,33
804,21500805,40,61,0.39603960396,63,37,0.415730337079,52,45
805,21500806,31,42,0.424657534247,47,31,0.397435897436,47,41
806,21500807,42,44,0.488372093023,42,33,0.417721518987,46,44
807,21500808,41,46,0.471264367816,42,43,0.494252873563,44,46
808,21500809,45,45,0.5,49,35,0.411764705882,50,45
809,21500810,40,42,0.487804878049,42,31,0.413333333333,44,42
810,21500811,39,40,0.493670886076,42,40,0.526315789474,36,32
811,21500812,42,54,0.4375,48,39,0.443181818182,49,45
812,21500813,34,45,0.430379746835,47,36,0.423529411765,49,37
813,21500814,29,52,0.358024691358,40,37,0.474358974359,41,51
814,21500815,50,45,0.526315789474,48,35,0.384615384615,56,47
815,21500816,40,42,0.487804878049,45,41,0.460674157303,48,44
816,21500817,35,31,0.530303030303,51,29,0.3625,51,34
817,21500818,32,41,0.438356164384,36,48,0.545454545455,40,39
818,21500819,42,62,0.403846153846,49,46,0.442307692308,58,65
819,21500820,43,49,0.467391304348,67,37,0.385416666667,59,45
820,21500821,35,48,0.421686746988,31,42,0.506024096386,41,51
821,21500822,38,52,0.422222222222,49,42,0.512195121951,40,39
822,21500823,36,52,0.409090909091,41,40,0.470588235294,45,51
823,21500824,37,53,0.411111111111,39,38,0.493506493506,39,49
824,21500825,34,39,0.465753424658,36,45,0.473684210526,50,48
825,21500826,42,50,0.45652173913,46,41,0.5125,39,42
826,21500827,33,46,0.417721518987,42,40,0.506329113924,39,41
827,21500828,37,53,0.411111111111,45,40,0.493827160494,41,44
828,21500829,31,48,0.392405063291,47,28,0.368421052632,48,44
829,21500830,38,44,0.463414634146,48,34,0.459459459459,40,35
830,21500831,40,35,0.533333333333,38,42,0.45652173913,50,44
831,21500832,39,51,0.433333333333,48,40,0.481927710843,43,38
832,21500833,30,45,0.4,40,34,0.441558441558,43,43
833,21500834,36,62,0.367346938776,66,32,0.363636363636,56,45
834,21500835,32,47,0.405063291139,40,45,0.523255813953,41,47
835,21500836,35,50,0.411764705882,47,39,0.438202247191,50,43
836,21500837,44,42,0.511627906977,44,27,0.36,48,46
837,21500838,37,40,0.480519480519,51,48,0.48,52,38
838,21500839,41,36,0.532467532468,52,31,0.352272727273,57,41
839,21500840,40,36,0.526315789474,36,40,0.47619047619,44,43
840,21500841,42,51,0.451612903226,55,26,0.325,54,48
841,21500842,40,59,0.40404040404,44,42,0.512195121951,40,50
842,21500843,37,36,0.506849315068,41,36,0.413793103448,51,35
843,21500844,36,40,0.473684210526,40,40,0.459770114943,47,47
844,21500845,41,46,0.471264367816,47,36,0.48,39,43
845,21500846,40,45,0.470588235294,43,31,0.424657534247,42,38
846,21500847,38,44,0.463414634146,50,33,0.397590361446,50,40
847,21500848,33,46,0.417721518987,46,42,0.466666666667,48,43
848,21500849,40,44,0.47619047619,39,35,0.486111111111,37,36
849,21500850,40,44,0.47619047619,50,38,0.422222222222,52,42
850,21500851,47,37,0.559523809524,46,37,0.43023255814,49,45
851,21500852,32,51,0.385542168675,42,41,0.471264367816,46,52
852,21500853,30,55,0.352941176471,47,33,0.370786516854,56,57
853,21500854,38,57,0.4,44,44,0.517647058824,41,50
854,21500855,40,49,0.449438202247,37,52,0.597701149425,35,42
855,21500856,39,43,0.475609756098,42,42,0.48275862069,45,35
856,21500857,42,43,0.494117647059,39,45,0.535714285714,39,36
857,21500858,42,56,0.428571428571,50,36,0.486486486486,38,42
858,21500859,36,43,0.455696202532,40,44,0.536585365854,38,46
859,21500860,32,44,0.421052631579,31,37,0.474358974359,41,43
860,21500861,33,50,0.397590361446,52,33,0.4125,47,38
861,21500862,34,47,0.41975308642,41,40,0.425531914894,54,55
862,21500863,36,43,0.455696202532,51,37,0.406593406593,54,47
863,21500864,34,36,0.485714285714,34,35,0.472972972973,39,39
864,21500865,36,52,0.409090909091,48,32,0.363636363636,56,49
865,21500866,39,43,0.475609756098,45,42,0.45652173913,50,49
866,21500867,30,44,0.405405405405,44,40,0.46511627907,46,41
867,21500868,31,46,0.402597402597,38,43,0.505882352941,42,47
868,21500869,36,57,0.387096774194,48,33,0.392857142857,51,54
869,21500870,37,45,0.451219512195,42,42,0.5,42,44
870,21500871,39,55,0.414893617021,50,38,0.436781609195,49,47
871,21500872,34,49,0.409638554217,39,33,0.458333333333,39,43
872,21500873,38,40,0.487179487179,44,36,0.413793103448,51,46
873,21500874,45,50,0.473684210526,62,45,0.473684210526,50,32
874,21500875,37,43,0.4625,56,30,0.384615384615,48,34
875,21500876,37,52,0.415730337079,48,38,0.463414634146,44,45
876,21500877,38,40,0.487179487179,45,30,0.384615384615,48,39
877,21500878,37,39,0.486842105263,48,27,0.333333333333,54,41
878,21500879,41,30,0.577464788732,38,39,0.4875,41,32
879,21500880,38,53,0.417582417582,52,38,0.487179487179,40,45
880,21500881,49,37,0.56976744186,33,40,0.526315789474,36,34
881,21500882,47,42,0.52808988764,43,32,0.363636363636,56,53
882,21500883,32,55,0.367816091954,39,38,0.463414634146,44,54
883,21500884,31,48,0.392405063291,40,35,0.448717948718,43,36
884,21500885,40,46,0.46511627907,53,40,0.46511627907,46,32
885,21500886,35,47,0.426829268293,47,38,0.376237623762,63,52
886,21500887,48,33,0.592592592593,42,40,0.46511627907,46,41
887,21500888,39,35,0.527027027027,40,36,0.48,39,27
888,21500889,48,59,0.448598130841,46,47,0.573170731707,35,47
889,21500890,41,42,0.493975903614,47,31,0.407894736842,45,44
890,21500891,44,48,0.478260869565,58,33,0.362637362637,58,42
891,21500892,50,25,0.666666666667,38,39,0.443181818182,49,29
892,21500893,29,55,0.345238095238,46,37,0.420454545455,51,55
893,21500894,38,34,0.527777777778,36,39,0.438202247191,50,45
894,21500895,41,62,0.398058252427,51,34,0.441558441558,43,42
895,21500896,40,42,0.487804878049,46,38,0.431818181818,50,44
896,21500897,37,58,0.389473684211,59,38,0.383838383838,61,48
897,21500898,34,51,0.4,38,40,0.493827160494,41,50
898,21500899,43,64,0.401869158879,57,32,0.390243902439,50,48
899,21500900,37,40,0.480519480519,45,36,0.439024390244,46,33
900,21500901,36,45,0.444444444444,51,36,0.4,54,43
901,21500902,34,44,0.435897435897,37,39,0.475609756098,43,44
902,21500903,34,42,0.447368421053,37,38,0.475,42,49
903,21500904,32,43,0.426666666667,45,41,0.493975903614,42,36
904,21500905,39,41,0.4875,41,30,0.38961038961,47,42
905,21500906,36,40,0.473684210526,42,33,0.428571428571,44,31
906,21500907,38,58,0.395833333333,45,37,0.385416666667,59,63
907,21500908,36,43,0.455696202532,48,32,0.395061728395,49,38
908,21500909,35,54,0.393258426966,41,35,0.4375,45,49
909,21500910,41,49,0.455555555556,47,39,0.506493506494,38,43
910,21500911,45,40,0.529411764706,40,40,0.46511627907,46,46
911,21500912,36,41,0.467532467532,41,36,0.404494382022,53,46
912,21500913,35,66,0.346534653465,50,33,0.434210526316,43,57
913,21500914,33,59,0.358695652174,44,38,0.436781609195,49,55
914,21500915,37,49,0.43023255814,51,39,0.438202247191,50,45
915,21500916,31,33,0.484375,38,37,0.456790123457,44,36
916,21500917,39,48,0.448275862069,47,31,0.3875,49,47
917,21500918,33,44,0.428571428571,42,30,0.41095890411,43,45
918,21500919,42,40,0.512195121951,37,42,0.48275862069,45,43
919,21500920,44,50,0.468085106383,50,44,0.494382022472,45,34
920,21500921,27,56,0.325301204819,46,36,0.537313432836,31,39
921,21500922,39,40,0.493670886076,47,34,0.441558441558,43,37
922,21500923,41,37,0.525641025641,47,35,0.384615384615,56,42
923,21500924,33,50,0.397590361446,46,36,0.439024390244,46,42
924,21500925,35,54,0.393258426966,32,36,0.467532467532,41,53
925,21500926,50,24,0.675675675676,30,44,0.483516483516,47,37
926,21500927,35,43,0.448717948718,53,35,0.402298850575,52,40
927,21500928,37,41,0.474358974359,46,37,0.456790123457,44,33
928,21500929,33,45,0.423076923077,41,38,0.436781609195,49,53
929,21500930,33,56,0.370786516854,43,31,0.413333333333,44,55
930,21500931,38,46,0.452380952381,41,36,0.395604395604,55,49
931,21500932,31,48,0.392405063291,38,36,0.514285714286,34,47
932,21500933,43,63,0.405660377358,58,39,0.428571428571,52,46
933,21500934,42,40,0.512195121951,45,35,0.448717948718,43,31
934,21500935,34,45,0.430379746835,51,37,0.435294117647,48,40
935,21500936,35,40,0.466666666667,42,37,0.480519480519,40,37
936,21500937,41,49,0.455555555556,42,38,0.481012658228,41,43
937,21500938,36,44,0.45,49,40,0.470588235294,45,35
938,21500939,31,46,0.402597402597,48,32,0.340425531915,62,52
939,21500940,37,39,0.486842105263,44,35,0.388888888889,55,48
940,21500941,43,49,0.467391304348,43,40,0.487804878049,42,44
941,21500942,26,51,0.337662337662,51,36,0.45,44,48
942,21500943,39,42,0.481481481481,50,38,0.431818181818,50,42
943,21500944,36,41,0.467532467532,40,42,0.512195121951,40,29
944,21500945,34,43,0.441558441558,35,44,0.536585365854,38,46
945,21500946,45,54,0.454545454545,45,33,0.44,42,43
946,21500947,30,56,0.348837209302,54,37,0.46835443038,42,41
947,21500948,40,48,0.454545454545,53,44,0.448979591837,54,45
948,21500949,39,41,0.4875,45,35,0.472972972973,39,35
949,21500950,35,44,0.443037974684,43,40,0.470588235294,45,43
950,21500951,35,51,0.406976744186,42,38,0.441860465116,48,45
951,21500952,42,38,0.525,34,42,0.525,38,39
952,21500953,41,46,0.471264367816,38,32,0.380952380952,52,48
953,21500954,35,47,0.426829268293,40,34,0.41975308642,47,51
954,21500955,47,43,0.522222222222,52,39,0.493670886076,40,29
955,21500956,38,50,0.431818181818,38,44,0.55,36,43
956,21500957,40,44,0.47619047619,38,37,0.420454545455,51,51
957,21500958,43,36,0.544303797468,39,30,0.38961038961,47,42
958,21500959,37,44,0.456790123457,48,35,0.426829268293,47,33
959,21500960,42,49,0.461538461538,40,39,0.453488372093,47,50
960,21500961,44,47,0.483516483516,49,33,0.370786516854,56,52
961,21500962,40,38,0.512820512821,34,42,0.512195121951,40,38
962,21500963,41,41,0.5,37,36,0.473684210526,40,33
963,21500964,37,46,0.44578313253,49,31,0.364705882353,54,41
964,21500965,34,57,0.373626373626,45,40,0.454545454545,48,50
965,21500966,36,43,0.455696202532,39,46,0.511111111111,44,43
966,21500967,46,49,0.484210526316,50,42,0.4375,54,58
967,21500968,36,48,0.428571428571,54,36,0.423529411765,49,37
968,21500969,36,29,0.553846153846,42,35,0.4375,45,29
969,21500970,34,53,0.390804597701,37,41,0.518987341772,38,51
970,21500971,37,49,0.43023255814,56,37,0.43023255814,49,39
971,21500972,37,47,0.440476190476,44,33,0.40243902439,49,48
972,21500973,35,44,0.443037974684,40,35,0.448717948718,43,42
973,21500974,35,48,0.421686746988,47,33,0.347368421053,62,58
974,21500975,46,40,0.53488372093,44,42,0.45652173913,50,40
975,21500976,39,45,0.464285714286,36,48,0.533333333333,42,52
976,21500977,37,47,0.440476190476,42,35,0.364583333333,61,47
977,21500978,39,41,0.4875,42,35,0.393258426966,54,47
978,21500979,33,51,0.392857142857,44,31,0.382716049383,50,56
979,21500980,40,38,0.512820512821,44,35,0.411764705882,50,37
980,21500981,38,42,0.475,42,45,0.489130434783,47,47
981,21500982,47,37,0.559523809524,51,33,0.366666666667,57,39
982,21500983,31,47,0.397435897436,34,40,0.481927710843,43,49
983,21500984,38,45,0.457831325301,50,32,0.372093023256,54,38
984,21500985,39,31,0.557142857143,31,45,0.505617977528,44,41
985,21500986,34,43,0.441558441558,36,37,0.4625,43,47
986,21500987,33,51,0.392857142857,45,32,0.432432432432,42,45
987,21500988,31,44,0.413333333333,40,39,0.464285714286,45,42
988,21500989,46,39,0.541176470588,40,30,0.38961038961,47,39
989,21500990,44,32,0.578947368421,33,48,0.521739130435,44,40
990,21500991,37,46,0.44578313253,42,41,0.493975903614,42,38
991,21500992,39,36,0.52,49,25,0.280898876404,64,49
992,21500993,49,34,0.590361445783,52,30,0.333333333333,60,39
993,21500994,33,36,0.478260869565,40,34,0.390804597701,53,39
994,21500995,39,55,0.414893617021,57,35,0.426829268293,47,36
995,21500996,43,34,0.558441558442,46,33,0.362637362637,58,40
996,21500997,39,45,0.464285714286,45,35,0.376344086022,58,50
997,21500998,40,37,0.519480519481,35,40,0.5,40,37
998,21500999,45,43,0.511363636364,52,39,0.453488372093,47,34
999,21501000,33,43,0.434210526316,37,38,0.463414634146,44,48
1000,21501001,41,38,0.518987341772,42,32,0.463768115942,37,27
1001,21501002,34,47,0.41975308642,49,38,0.481012658228,41,41
1002,21501003,40,53,0.430107526882,42,47,0.489583333333,49,53
1003,21501004,37,60,0.381443298969,59,33,0.407407407407,48,40
1004,21501005,34,49,0.409638554217,48,36,0.461538461538,42,32
1005,21501006,40,45,0.470588235294,47,35,0.402298850575,52,40
1006,21501007,36,45,0.444444444444,48,39,0.438202247191,50,46
1007,21501008,44,56,0.44,51,38,0.550724637681,31,33
1008,21501009,37,42,0.46835443038,39,43,0.565789473684,33,33
1009,21501010,38,48,0.441860465116,39,47,0.534090909091,41,42
1010,21501011,43,45,0.488636363636,54,32,0.367816091954,55,38
1011,21501012,32,56,0.363636363636,48,28,0.333333333333,56,57
1012,21501013,34,56,0.377777777778,40,38,0.431818181818,50,60
1013,21501014,39,35,0.527027027027,39,39,0.458823529412,46,39
1014,21501015,39,40,0.493670886076,40,39,0.448275862069,48,39
1015,21501016,44,48,0.478260869565,50,39,0.458823529412,46,39
1016,21501017,35,38,0.479452054795,44,34,0.369565217391,58,47
1017,21501018,44,41,0.517647058824,37,37,0.425287356322,50,49
1018,21501019,42,45,0.48275862069,51,26,0.325,54,43
1019,21501020,36,45,0.444444444444,36,37,0.493333333333,38,41
1020,21501021,35,54,0.393258426966,36,45,0.505617977528,44,63
1021,21501022,43,48,0.472527472527,49,40,0.506329113924,39,35
1022,21501023,37,40,0.480519480519,40,36,0.439024390244,46,37
1023,21501024,48,37,0.564705882353,42,43,0.505882352941,42,35
1024,21501025,34,43,0.441558441558,34,36,0.461538461538,42,45
1025,21501026,38,52,0.422222222222,46,42,0.47191011236,47,42
1026,21501027,30,55,0.352941176471,50,30,0.344827586207,57,57
1027,21501028,35,48,0.421686746988,38,38,0.436781609195,49,51
1028,21501029,44,44,0.5,40,33,0.392857142857,51,51
1029,21501030,46,48,0.489361702128,45,41,0.518987341772,38,40
1030,21501031,39,43,0.475609756098,34,41,0.518987341772,38,45
1031,21501032,38,48,0.441860465116,42,30,0.379746835443,49,42
1032,21501033,42,38,0.525,42,38,0.513513513514,36,26
1033,21501034,38,41,0.481012658228,42,35,0.406976744186,51,40
1034,21501035,39,42,0.481481481481,44,31,0.469696969697,35,30
1035,21501036,30,46,0.394736842105,53,31,0.378048780488,51,37
1036,21501037,40,40,0.5,50,39,0.386138613861,62,52
1037,21501038,34,46,0.425,45,39,0.475609756098,43,40
1038,21501039,35,53,0.397727272727,40,43,0.472527472527,48,53
1039,21501040,34,36,0.485714285714,54,33,0.40243902439,49,35
1040,21501041,33,31,0.515625,27,34,0.409638554217,49,44
1041,21501042,30,59,0.337078651685,55,34,0.390804597701,53,49
1042,21501043,34,52,0.395348837209,46,36,0.423529411765,49,46
1043,21501044,48,38,0.558139534884,43,32,0.395061728395,49,35
1044,21501045,34,46,0.425,45,30,0.379746835443,49,44
1045,21501046,40,45,0.470588235294,46,39,0.41935483871,54,45
1046,21501047,33,50,0.397590361446,39,40,0.533333333333,35,40
1047,21501048,36,40,0.473684210526,33,46,0.505494505495,45,44
1048,21501049,37,50,0.425287356322,40,40,0.454545454545,48,50
1049,21501050,36,46,0.439024390244,37,42,0.488372093023,44,44
1050,21501051,26,46,0.361111111111,45,38,0.426966292135,51,45
1051,21501052,32,40,0.444444444444,44,39,0.475609756098,43,36
1052,21501053,33,53,0.383720930233,42,43,0.494252873563,44,53
1053,21501054,41,50,0.450549450549,46,39,0.428571428571,52,47
1054,21501055,32,38,0.457142857143,40,38,0.487179487179,40,33
1055,21501056,37,53,0.411111111111,43,43,0.524390243902,39,41
1056,21501057,34,45,0.430379746835,48,31,0.348314606742,58,52
1057,21501058,41,37,0.525641025641,45,39,0.397959183673,59,44
1058,21501059,39,43,0.475609756098,42,43,0.5375,37,31
1059,21501060,35,44,0.443037974684,34,43,0.505882352941,42,53
1060,21501061,33,41,0.445945945946,32,30,0.394736842105,46,48
1061,21501062,44,35,0.556962025316,43,42,0.461538461538,49,40
1062,21501063,42,39,0.518518518519,44,35,0.466666666667,40,36
1063,21501064,29,43,0.402777777778,46,37,0.393617021277,57,45
1064,21501065,47,46,0.505376344086,52,37,0.406593406593,54,41
1065,21501066,38,48,0.441860465116,50,36,0.423529411765,49,46
1066,21501067,37,49,0.43023255814,46,41,0.431578947368,54,47
1067,21501068,34,43,0.441558441558,44,31,0.382716049383,50,47
1068,21501069,40,48,0.454545454545,46,36,0.418604651163,50,45
1069,21501070,37,37,0.5,45,35,0.402298850575,52,34
1070,21501071,40,38,0.512820512821,39,33,0.464788732394,38,36
1071,21501072,37,45,0.451219512195,47,30,0.384615384615,48,41
1072,21501073,48,50,0.489795918367,45,50,0.526315789474,45,42
1073,21501074,41,49,0.455555555556,62,36,0.391304347826,56,42
1074,21501075,38,40,0.487179487179,45,34,0.414634146341,48,42
1075,21501076,40,56,0.416666666667,45,34,0.409638554217,49,49
1076,21501077,41,39,0.5125,48,35,0.388888888889,55,45
1077,21501078,40,33,0.547945205479,37,40,0.506329113924,39,31
1078,21501079,39,50,0.438202247191,52,33,0.358695652174,59,57
1079,21501080,42,45,0.48275862069,40,43,0.447916666667,53,51
1080,21501081,35,48,0.421686746988,43,42,0.461538461538,49,48
1081,21501082,41,35,0.539473684211,40,37,0.480519480519,40,31
1082,21501083,47,41,0.534090909091,50,36,0.409090909091,52,40
1083,21501084,34,48,0.414634146341,36,38,0.527777777778,34,48
1084,21501085,33,54,0.379310344828,53,41,0.440860215054,52,39
1085,21501086,30,46,0.394736842105,41,37,0.44578313253,46,53
1086,21501087,32,52,0.380952380952,41,38,0.463414634146,44,45
1087,21501088,39,41,0.4875,47,31,0.3875,49,34
1088,21501089,34,47,0.41975308642,37,40,0.547945205479,33,35
1089,21501090,36,48,0.428571428571,44,34,0.409638554217,49,49
1090,21501091,38,53,0.417582417582,56,37,0.406593406593,54,53
1091,21501092,38,42,0.475,44,37,0.393617021277,57,44
1092,21501093,40,46,0.46511627907,50,38,0.447058823529,47,44
1093,21501094,43,39,0.524390243902,44,38,0.441860465116,48,37
1094,21501095,48,31,0.607594936709,41,40,0.46511627907,46,41
1095,21501096,32,54,0.372093023256,42,39,0.541666666667,33,42
1096,21501097,45,36,0.555555555556,32,36,0.5,36,36
1097,21501098,38,55,0.408602150538,40,40,0.470588235294,45,53
1098,21501099,40,66,0.377358490566,58,36,0.423529411765,49,48
1099,21501100,32,50,0.390243902439,39,36,0.507042253521,35,43
1100,21501101,40,40,0.5,41,37,0.4625,43,36
1101,21501102,30,43,0.41095890411,47,36,0.404494382022,53,42
1102,21501103,29,39,0.426470588235,44,35,0.402298850575,52,34
1103,21501104,43,40,0.518072289157,54,21,0.276315789474,55,33
1104,21501105,35,42,0.454545454545,42,33,0.388235294118,52,43
1105,21501106,43,40,0.518072289157,45,28,0.325581395349,58,49
1106,21501107,38,51,0.426966292135,44,36,0.418604651163,50,41
1107,21501108,54,35,0.606741573034,35,36,0.461538461538,42,39
1108,21501109,29,66,0.305263157895,45,37,0.43023255814,49,64
1109,21501110,30,54,0.357142857143,53,31,0.378048780488,51,45
1110,21501111,28,55,0.33734939759,38,37,0.474358974359,41,55
1111,21501112,34,49,0.409638554217,55,35,0.411764705882,50,48
1112,21501113,35,44,0.443037974684,44,36,0.439024390244,46,44
1113,21501114,41,54,0.431578947368,46,37,0.480519480519,40,42
1114,21501115,36,40,0.473684210526,38,38,0.452380952381,46,49
1115,21501116,29,57,0.337209302326,53,36,0.433734939759,47,41
1116,21501117,31,50,0.382716049383,42,33,0.44,42,43
1117,21501118,35,39,0.472972972973,38,34,0.435897435897,44,44
1118,21501119,37,55,0.402173913043,54,39,0.438202247191,50,46
1119,21501120,46,37,0.55421686747,40,42,0.477272727273,46,42
1120,21501121,36,65,0.356435643564,49,40,0.470588235294,45,55
1121,21501122,34,49,0.409638554217,50,34,0.365591397849,59,55
1122,21501123,34,50,0.404761904762,49,47,0.52808988764,42,44
1123,21501124,32,54,0.372093023256,45,36,0.473684210526,40,42
1124,21501125,38,50,0.431818181818,51,36,0.433734939759,47,40
1125,21501126,45,42,0.51724137931,46,41,0.546666666667,34,26
1126,21501127,39,49,0.443181818182,50,37,0.420454545455,51,48
1127,21501128,33,48,0.407407407407,55,31,0.352272727273,57,48
1128,21501129,30,50,0.375,47,38,0.452380952381,46,48
1129,21501130,42,42,0.5,46,35,0.35,65,52
1130,21501131,38,57,0.4,48,38,0.39175257732,59,57
1131,21501132,35,54,0.393258426966,42,29,0.414285714286,41,41
1132,21501133,45,39,0.535714285714,40,45,0.529411764706,40,37
1133,21501134,36,34,0.514285714286,43,34,0.435897435897,44,34
1134,21501135,38,49,0.436781609195,41,40,0.5,40,38
1135,21501136,34,45,0.430379746835,41,39,0.458823529412,46,44
1136,21501137,33,57,0.366666666667,56,38,0.441860465116,48,44
1137,21501138,33,49,0.40243902439,38,42,0.512195121951,40,48
1138,21501139,32,54,0.372093023256,47,32,0.421052631579,44,45
1139,21501140,35,42,0.454545454545,47,39,0.493670886076,40,32
1140,21501141,36,52,0.409090909091,50,41,0.465909090909,47,48
1141,21501142,35,38,0.479452054795,45,33,0.379310344828,54,42
1142,21501143,32,52,0.380952380952,50,41,0.546666666667,34,32
1143,21501144,42,38,0.525,46,34,0.447368421053,42,35
1144,21501145,40,61,0.39603960396,45,38,0.463414634146,44,50
1145,21501146,29,42,0.408450704225,41,31,0.378048780488,51,44
1146,21501147,39,42,0.481481481481,44,42,0.451612903226,51,51
1147,21501148,42,47,0.47191011236,43,40,0.454545454545,48,46
1148,21501149,31,45,0.407894736842,45,37,0.46835443038,42,33
1149,21501150,39,45,0.464285714286,44,39,0.527027027027,35,34
1150,21501151,31,63,0.329787234043,51,34,0.41975308642,47,53
1151,21501152,45,38,0.542168674699,43,36,0.433734939759,47,37
1152,21501153,33,53,0.383720930233,47,41,0.450549450549,50,50
1153,21501154,40,48,0.454545454545,41,33,0.423076923077,45,49
1154,21501155,41,40,0.506172839506,41,31,0.392405063291,48,43
1155,21501156,30,44,0.405405405405,47,31,0.35632183908,56,43
1156,21501157,39,56,0.410526315789,50,29,0.3625,51,51
1157,21501158,37,48,0.435294117647,42,34,0.441558441558,43,42
1158,21501159,33,53,0.383720930233,41,41,0.546666666667,34,41
1159,21501160,34,51,0.4,38,45,0.523255813953,41,55
1160,21501161,30,36,0.454545454545,40,31,0.43661971831,40,32
1161,21501162,37,37,0.5,34,38,0.417582417582,53,49
1162,21501163,47,49,0.489583333333,46,42,0.5,42,40
1163,21501164,39,38,0.506493506494,46,25,0.30487804878,57,43
1164,21501165,44,35,0.556962025316,38,35,0.472972972973,39,33
1165,21501166,43,47,0.477777777778,48,38,0.447058823529,47,44
1166,21501167,46,47,0.494623655914,53,38,0.417582417582,53,38
1167,21501168,34,51,0.4,41,33,0.428571428571,44,49
1168,21501169,34,41,0.453333333333,43,41,0.460674157303,48,38
1169,21501170,32,47,0.405063291139,40,33,0.428571428571,44,41
1170,21501171,43,41,0.511904761905,39,42,0.466666666667,48,50
1171,21501172,27,58,0.317647058824,49,35,0.432098765432,46,49
1172,21501173,32,43,0.426666666667,41,32,0.380952380952,52,46
1173,21501174,43,48,0.472527472527,47,33,0.434210526316,43,41
1174,21501175,42,32,0.567567567568,26,43,0.462365591398,50,47
1175,21501176,36,49,0.423529411765,47,35,0.443037974684,44,43
1176,21501177,43,38,0.530864197531,43,38,0.481012658228,41,32
1177,21501178,40,42,0.487804878049,42,39,0.423913043478,53,45
1178,21501179,41,39,0.5125,37,44,0.444444444444,55,53
1179,21501180,32,59,0.351648351648,46,39,0.448275862069,48,59
1180,21501181,42,34,0.552631578947,34,39,0.475609756098,43,38
1181,21501182,36,41,0.467532467532,44,36,0.428571428571,48,36
1182,21501183,36,31,0.537313432836,36,37,0.44578313253,46,33
1183,21501184,41,37,0.525641025641,43,32,0.405063291139,47,34
1184,21501185,27,30,0.473684210526,38,35,0.402298850575,52,42
1185,21501186,40,46,0.46511627907,47,35,0.416666666667,49,45
1186,21501187,30,46,0.394736842105,47,35,0.432098765432,46,44
1187,21501188,45,42,0.51724137931,44,39,0.438202247191,50,40
1188,21501189,39,56,0.410526315789,42,41,0.506172839506,40,53
1189,21501190,36,59,0.378947368421,54,39,0.448275862069,48,48
1190,21501191,39,49,0.443181818182,45,34,0.41975308642,47,42
1191,21501192,40,40,0.5,37,39,0.475609756098,43,37
1192,21501193,44,49,0.47311827957,40,39,0.481481481481,42,44
1193,21501194,38,38,0.5,48,27,0.3375,53,46
1194,21501195,50,48,0.510204081633,48,39,0.481481481481,42,40
1195,21501196,36,39,0.48,42,28,0.388888888889,44,47
1196,21501197,38,57,0.4,45,39,0.453488372093,47,53
1197,21501198,30,48,0.384615384615,41,36,0.455696202532,43,49
1198,21501199,42,35,0.545454545455,57,35,0.406976744186,51,34
1199,21501200,42,34,0.552631578947,41,35,0.432098765432,46,35
1200,21501201,33,56,0.370786516854,53,32,0.426666666667,43,46
1201,21501202,30,57,0.344827586207,47,35,0.460526315789,41,38
1202,21501203,39,43,0.475609756098,47,35,0.421686746988,48,42
1203,21501204,39,43,0.475609756098,36,39,0.513157894737,37,45
1204,21501205,32,55,0.367816091954,46,40,0.5,40,44
1205,21501206,42,48,0.466666666667,39,41,0.5,41,42
1206,21501207,37,45,0.451219512195,40,48,0.558139534884,38,43
1207,21501208,40,39,0.506329113924,33,41,0.554054054054,33,35
1208,21501209,40,54,0.425531914894,57,21,0.26582278481,58,48
1209,21501210,31,42,0.424657534247,38,34,0.430379746835,45,47
1210,21501211,38,59,0.39175257732,51,40,0.487804878049,42,40
1211,21501212,38,39,0.493506493506,41,36,0.45,44,37
1212,21501213,32,50,0.390243902439,48,36,0.473684210526,40,39
1213,21501214,45,47,0.489130434783,52,33,0.44,42,32
1214,21501215,34,50,0.404761904762,42,35,0.402298850575,52,55
1215,21501216,39,34,0.534246575342,41,34,0.4,51,38
1216,21501217,36,49,0.423529411765,39,34,0.404761904762,50,44
1217,21501218,37,50,0.425287356322,39,41,0.440860215054,52,57
1218,21501219,46,39,0.541176470588,46,42,0.461538461538,49,39
1219,21501220,43,51,0.457446808511,43,37,0.435294117647,48,47
1220,21501221,40,46,0.46511627907,51,31,0.3875,49,47
1221,21501222,36,44,0.45,53,36,0.45,44,31
1222,21501223,29,46,0.386666666667,41,33,0.458333333333,39,42
1223,21501224,47,50,0.484536082474,55,31,0.326315789474,64,49
1224,21501225,36,50,0.418604651163,43,39,0.433333333333,51,48
1225,21501226,54,30,0.642857142857,43,40,0.434782608696,52,33
1226,21501227,42,41,0.506024096386,51,40,0.416666666667,56,40
1227,21501228,39,44,0.469879518072,47,38,0.463414634146,44,38
1228,21501229,43,54,0.443298969072,58,42,0.442105263158,53,40
1229,21501230,37,50,0.425287356322,45,38,0.413043478261,54,53
