,GAME_ID,HOME_PCT,VISITOR_PCT
0,21500001,0.58808,0.41192
1,21500002,0.61352,0.38648
2,21500003,0.58808,0.41192
3,21500004,0.58808,0.41192
4,21500005,0.61352,0.38648
5,21500006,0.61352,0.38648
6,21500007,0.58808,0.41192
7,21500008,0.61352,0.38648
8,21500009,0.61352,0.38648
9,21500010,0.61352,0.38648
10,21500011,0.61352,0.38648
11,21500012,0.58808,0.41192
12,21500013,0.61352,0.38648
13,21500014,0.58808,0.41192
14,21500015,0.61352,0.38648
15,21500016,0.58808,0.41192
16,21500017,0.58808,0.41192
17,21500018,0.58808,0.41192
18,21500019,0.58808,0.41192
19,21500020,0.61352,0.38648
20,21500021,0.61352,0.38648
21,21500022,0.58808,0.41192
22,21500023,0.58808,0.41192
23,21500024,0.61352,0.38648
24,21500025,0.61352,0.38648
25,21500026,0.58808,0.41192
26,21500027,0.58808,0.41192
27,21500028,0.58808,0.41192
28,21500029,0.61352,0.38648
29,21500030,0.58808,0.41192
30,21500031,0.58808,0.41192
31,21500032,0.61352,0.38648
32,21500033,0.58808,0.41192
33,21500034,0.61352,0.38648
34,21500035,0.61352,0.38648
35,21500036,0.61352,0.38648
36,21500037,0.61352,0.38648
37,21500038,0.61352,0.38648
38,21500039,0.61352,0.38648
39,21500040,0.61352,0.38648
40,21500041,0.61352,0.38648
41,21500042,0.61352,0.38648
42,21500043,0.61352,0.38648
43,21500044,0.58808,0.41192
44,21500045,0.58808,0.41192
45,21500046,0.61352,0.38648
46,21500047,0.61352,0.38648
47,21500048,0.58808,0.41192
48,21500049,0.61352,0.38648
49,21500050,0.61352,0.38648
50,21500051,0.58808,0.41192
51,21500052,0.61352,0.38648
52,21500053,0.61352,0.38648
53,21500054,0.61352,0.38648
54,21500055,0.58808,0.41192
55,21500056,0.58808,0.41192
56,21500057,0.58808,0.41192
57,21500058,0.58808,0.41192
58,21500059,0.61352,0.38648
59,21500060,0.61352,0.38648
60,21500061,0.61352,0.38648
61,21500062,0.61352,0.38648
62,21500063,0.58808,0.41192
63,21500064,0.61352,0.38648
64,21500065,0.58808,0.41192
65,21500066,0.58808,0.41192
66,21500067,0.61352,0.38648
67,21500068,0.61352,0.38648
68,21500069,0.58808,0.41192
69,21500070,0.58808,0.41192
70,21500071,0.58808,0.41192
71,21500072,0.61352,0.38648
72,21500073,0.58808,0.41192
73,21500074,0.61352,0.38648
74,21500075,0.61352,0.38648
75,21500076,0.58808,0.41192
76,21500077,0.61352,0.38648
77,21500078,0.61352,0.38648
78,21500079,0.61352,0.38648
79,21500080,0.58808,0.41192
80,21500081,0.58808,0.41192
81,21500082,0.58808,0.41192
82,21500083,0.61352,0.38648
83,21500084,0.61352,0.38648
84,21500085,0.61352,0.38648
85,21500086,0.61352,0.38648
86,21500087,0.61352,0.38648
87,21500088,0.58808,0.41192
88,21500089,0.58808,0.41192
89,21500090,0.58808,0.41192
90,21500091,0.58808,0.41192
91,21500092,0.61352,0.38648
92,21500093,0.61352,0.38648
93,21500094,0.61352,0.38648
94,21500095,0.61352,0.38648
95,21500096,0.58808,0.41192
96,21500097,0.61352,0.38648
97,21500098,0.58808,0.41192
98,21500099,0.61352,0.38648
99,21500100,0.58808,0.41192
100,21500101,0.61352,0.38648
101,21500102,0.61352,0.38648
102,21500103,0.58808,0.41192
103,21500104,0.61352,0.38648
104,21500105,0.61352,0.38648
105,21500106,0.61352,0.38648
106,21500107,0.58808,0.41192
107,21500108,0.61352,0.38648
108,21500109,0.61352,0.38648
109,21500110,0.61352,0.38648
110,21500111,0.61352,0.38648
111,21500112,0.61352,0.38648
112,21500113,0.61352,0.38648
113,21500114,0.58808,0.41192
114,21500115,0.61352,0.38648
115,21500116,0.58808,0.41192
116,21500117,0.61352,0.38648
117,21500118,0.58808,0.41192
118,21500119,0.61352,0.38648
119,21500120,0.58808,0.41192
120,21500121,0.61352,0.38648
121,21500122,0.58808,0.41192
122,21500123,0.61352,0.38648
123,21500124,0.61352,0.38648
124,21500125,0.58808,0.41192
125,21500126,0.61352,0.38648
126,21500127,0.58808,0.41192
127,21500128,0.58808,0.41192
128,21500129,0.58808,0.41192
129,21500130,0.61352,0.38648
130,21500131,0.61352,0.38648
131,21500132,0.61352,0.38648
132,21500133,0.58808,0.41192
133,21500134,0.61352,0.38648
134,21500135,0.58808,0.41192
135,21500136,0.61352,0.38648
136,21500137,0.58808,0.41192
137,21500138,0.61352,0.38648
138,21500139,0.58808,0.41192
139,21500140,0.61352,0.38648
140,21500141,0.58808,0.41192
141,21500142,0.58808,0.41192
142,21500143,0.61352,0.38648
143,21500144,0.58808,0.41192
144,21500145,0.61352,0.38648
145,21500146,0.58808,0.41192
146,21500147,0.58808,0.41192
147,21500148,0.61352,0.38648
148,21500149,0.61352,0.38648
149,21500150,0.58808,0.41192
150,21500151,0.61352,0.38648
151,21500152,0.61352,0.38648
152,21500153,0.61352,0.38648
153,21500154,0.61352,0.38648
154,21500155,0.58808,0.41192
155,21500156,0.61352,0.38648
156,21500157,0.61352,0.38648
157,21500158,0.61352,0.38648
158,21500159,0.58808,0.41192
159,21500160,0.61352,0.38648
160,21500161,0.61352,0.38648
161,21500162,0.61352,0.38648
162,21500163,0.61352,0.38648
163,21500164,0.58808,0.41192
164,21500165,0.58808,0.41192
165,21500166,0.61352,0.38648
166,21500167,0.61352,0.38648
167,21500168,0.61352,0.38648
168,21500169,0.58808,0.41192
169,21500170,0.58808,0.41192
170,21500171,0.61352,0.38648
171,21500172,0.61352,0.38648
172,21500173,0.61352,0.38648
173,21500174,0.58808,0.41192
174,21500175,0.61352,0.38648
175,21500176,0.58808,0.41192
176,21500177,0.58808,0.41192
177,21500178,0.61352,0.38648
178,21500179,0.58808,0.41192
179,21500180,0.61352,0.38648
180,21500181,0.58808,0.41192
181,21500182,0.58808,0.41192
182,21500183,0.61352,0.38648
183,21500184,0.61352,0.38648
184,21500185,0.58808,0.41192
185,21500186,0.58808,0.41192
186,21500187,0.61352,0.38648
187,21500188,0.61352,0.38648
188,21500189,0.61352,0.38648
189,21500190,0.58808,0.41192
190,21500191,0.61352,0.38648
191,21500192,0.58808,0.41192
192,21500193,0.61352,0.38648
193,21500194,0.61352,0.38648
194,21500195,0.61352,0.38648
195,21500196,0.61352,0.38648
196,21500197,0.61352,0.38648
197,21500198,0.61352,0.38648
198,21500199,0.58808,0.41192
199,21500200,0.58808,0.41192
200,21500201,0.58808,0.41192
201,21500202,0.61352,0.38648
202,21500203,0.58808,0.41192
203,21500204,0.58808,0.41192
204,21500205,0.58808,0.41192
205,21500206,0.58808,0.41192
206,21500207,0.58808,0.41192
207,21500208,0.61352,0.38648
208,21500209,0.61352,0.38648
209,21500210,0.58808,0.41192
210,21500211,0.61352,0.38648
211,21500212,0.61352,0.38648
212,21500213,0.58808,0.41192
213,21500214,0.61352,0.38648
214,21500215,0.58808,0.41192
215,21500216,0.61352,0.38648
216,21500217,0.61352,0.38648
217,21500218,0.58808,0.41192
218,21500219,0.61352,0.38648
219,21500220,0.58808,0.41192
220,21500221,0.58808,0.41192
221,21500222,0.58808,0.41192
222,21500223,0.61352,0.38648
223,21500224,0.61352,0.38648
224,21500225,0.61352,0.38648
225,21500226,0.61352,0.38648
226,21500227,0.61352,0.38648
227,21500228,0.61352,0.38648
228,21500229,0.58808,0.41192
229,21500230,0.58808,0.41192
230,21500231,0.61352,0.38648
231,21500232,0.58808,0.41192
232,21500233,0.61352,0.38648
233,21500234,0.61352,0.38648
234,21500235,0.58808,0.41192
235,21500236,0.58808,0.41192
236,21500237,0.61352,0.38648
237,21500238,0.61352,0.38648
238,21500239,0.61352,0.38648
239,21500240,0.58808,0.41192
240,21500241,0.61352,0.38648
241,21500242,0.61352,0.38648
242,21500243,0.58808,0.41192
243,21500244,0.61352,0.38648
244,21500245,0.61352,0.38648
245,21500246,0.58808,0.41192
246,21500247,0.61352,0.38648
247,21500248,0.58808,0.41192
248,21500249,0.58808,0.41192
249,21500250,0.61352,0.38648
250,21500251,0.58808,0.41192
251,21500252,0.58808,0.41192
252,21500253,0.61352,0.38648
253,21500254,0.61352,0.38648
254,21500255,0.61352,0.38648
255,21500256,0.61352,0.38648
256,21500257,0.58808,0.41192
257,21500258,0.61352,0.38648
258,21500259,0.61352,0.38648
259,21500260,0.58808,0.41192
260,21500261,0.61352,0.38648
261,21500262,0.58808,0.41192
262,21500263,0.58808,0.41192
263,21500264,0.61352,0.38648
264,21500265,0.58808,0.41192
265,21500266,0.58808,0.41192
266,21500267,0.58808,0.41192
267,21500268,0.58808,0.41192
268,21500269,0.58808,0.41192
269,21500270,0.61352,0.38648
270,21500271,0.58808,0.41192
271,21500272,0.61352,0.38648
272,21500273,0.61352,0.38648
273,21500274,0.61352,0.38648
274,21500275,0.61352,0.38648
275,21500276,0.61352,0.38648
276,21500277,0.61352,0.38648
277,21500278,0.61352,0.38648
278,21500279,0.58808,0.41192
279,21500280,0.61352,0.38648
280,21500281,0.58808,0.41192
281,21500282,0.61352,0.38648
282,21500283,0.58808,0.41192
283,21500284,0.58808,0.41192
284,21500285,0.61352,0.38648
285,21500286,0.61352,0.38648
286,21500287,0.58808,0.41192
287,21500288,0.61352,0.38648
288,21500289,0.61352,0.38648
289,21500290,0.61352,0.38648
290,21500291,0.58808,0.41192
291,21500292,0.61352,0.38648
292,21500293,0.61352,0.38648
293,21500294,0.58808,0.41192
294,21500295,0.61352,0.38648
295,21500296,0.58808,0.41192
296,21500297,0.58808,0.41192
297,21500298,0.58808,0.41192
298,21500299,0.61352,0.38648
299,21500300,0.61352,0.38648
300,21500301,0.61352,0.38648
301,21500302,0.58808,0.41192
302,21500303,0.61352,0.38648
303,21500304,0.58808,0.41192
304,21500305,0.58808,0.41192
305,21500306,0.61352,0.38648
306,21500307,0.61352,0.38648
307,21500308,0.61352,0.38648
308,21500309,0.58808,0.41192
309,21500310,0.58808,0.41192
310,21500311,0.58808,0.41192
311,21500312,0.61352,0.38648
312,21500313,0.61352,0.38648
313,21500314,0.58808,0.41192
314,21500315,0.58808,0.41192
315,21500316,0.58808,0.41192
316,21500317,0.58808,0.41192
317,21500318,0.58808,0.41192
318,21500319,0.61352,0.38648
319,21500320,0.61352,0.38648
320,21500321,0.61352,0.38648
321,21500322,0.61352,0.38648
322,21500323,0.58808,0.41192
323,21500324,0.58808,0.41192
324,21500325,0.61352,0.38648
325,21500326,0.58808,0.41192
326,21500327,0.58808,0.41192
327,21500328,0.61352,0.38648
328,21500329,0.61352,0.38648
329,21500330,0.58808,0.41192
330,21500331,0.61352,0.38648
331,21500332,0.58808,0.41192
332,21500333,0.61352,0.38648
333,21500334,0.58808,0.41192
334,21500335,0.58808,0.41192
335,21500336,0.58808,0.41192
336,21500337,0.61352,0.38648
337,21500338,0.61352,0.38648
338,21500339,0.58808,0.41192
339,21500340,0.61352,0.38648
340,21500341,0.58808,0.41192
341,21500342,0.61352,0.38648
342,21500343,0.61352,0.38648
343,21500344,0.58808,0.41192
344,21500345,0.58808,0.41192
345,21500346,0.61352,0.38648
346,21500347,0.61352,0.38648
347,21500348,0.61352,0.38648
348,21500349,0.58808,0.41192
349,21500350,0.58808,0.41192
350,21500351,0.61352,0.38648
351,21500352,0.58808,0.41192
352,21500353,0.61352,0.38648
353,21500354,0.58808,0.41192
354,21500355,0.61352,0.38648
355,21500356,0.58808,0.41192
356,21500357,0.61352,0.38648
357,21500358,0.61352,0.38648
358,21500359,0.61352,0.38648
359,21500360,0.61352,0.38648
360,21500361,0.61352,0.38648
361,21500362,0.58808,0.41192
362,21500363,0.61352,0.38648
363,21500364,0.61352,0.38648
364,21500365,0.58808,0.41192
365,21500366,0.61352,0.38648
366,21500367,0.61352,0.38648
367,21500368,0.58808,0.41192
368,21500369,0.58808,0.41192
369,21500370,0.58808,0.41192
370,21500371,0.58808,0.41192
371,21500372,0.61352,0.38648
372,21500373,0.61352,0.38648
373,21500374,0.58808,0.41192
374,21500375,0.61352,0.38648
375,21500376,0.61352,0.38648
376,21500377,0.61352,0.38648
377,21500378,0.61352,0.38648
378,21500379,0.61352,0.38648
379,21500380,0.58808,0.41192
380,21500381,0.58808,0.41192
381,21500382,0.61352,0.38648
382,21500383,0.58808,0.41192
383,21500384,0.58808,0.41192
384,21500385,0.58808,0.41192
385,21500386,0.61352,0.38648
386,21500387,0.61352,0.38648
387,21500388,0.61352,0.38648
388,21500389,0.58808,0.41192
389,21500390,0.61352,0.38648
390,21500391,0.61352,0.38648
391,21500392,0.61352,0.38648
392,21500393,0.58808,0.41192
393,21500394,0.58808,0.41192
394,21500395,0.61352,0.38648
395,21500396,0.58808,0.41192
396,21500397,0.61352,0.38648
397,21500398,0.61352,0.38648
398,21500399,0.61352,0.38648
399,21500400,0.58808,0.41192
400,21500401,0.61352,0.38648
401,21500402,0.61352,0.38648
402,21500403,0.58808,0.41192
403,21500404,0.61352,0.38648
404,21500405,0.58808,0.41192
405,21500406,0.58808,0.41192
406,21500407,0.58808,0.41192
407,21500408,0.61352,0.38648
408,21500409,0.58808,0.41192
409,21500410,0.61352,0.38648
410,21500411,0.58808,0.41192
411,21500412,0.58808,0.41192
412,21500413,0.61352,0.38648
413,21500414,0.58808,0.41192
414,21500415,0.61352,0.38648
415,21500416,0.61352,0.38648
416,21500417,0.58808,0.41192
417,21500418,0.58808,0.41192
418,21500419,0.58808,0.41192
419,21500420,0.61352,0.38648
420,21500421,0.61352,0.38648
421,21500422,0.58808,0.41192
422,21500423,0.61352,0.38648
423,21500424,0.61352,0.38648
424,21500425,0.61352,0.38648
425,21500426,0.58808,0.41192
426,21500427,0.58808,0.41192
427,21500428,0.61352,0.38648
428,21500429,0.61352,0.38648
429,21500430,0.61352,0.38648
430,21500431,0.58808,0.41192
431,21500432,0.61352,0.38648
432,21500433,0.61352,0.38648
433,21500434,0.58808,0.41192
434,21500435,0.58808,0.41192
435,21500436,0.61352,0.38648
436,21500437,0.58808,0.41192
437,21500438,0.58808,0.41192
438,21500439,0.58808,0.41192
439,21500440,0.61352,0.38648
440,21500441,0.58808,0.41192
441,21500442,0.58808,0.41192
442,21500443,0.61352,0.38648
443,21500444,0.58808,0.41192
444,21500445,0.58808,0.41192
445,21500446,0.61352,0.38648
446,21500447,0.61352,0.38648
447,21500448,0.61352,0.38648
448,21500449,0.58808,0.41192
449,21500450,0.61352,0.38648
450,21500451,0.61352,0.38648
451,21500452,0.58808,0.41192
452,21500453,0.61352,0.38648
453,21500454,0.58808,0.41192
454,21500455,0.61352,0.38648
455,21500456,0.58808,0.41192
456,21500457,0.61352,0.38648
457,21500458,0.58808,0.41192
458,21500459,0.61352,0.38648
459,21500460,0.61352,0.38648
460,21500461,0.61352,0.38648
461,21500462,0.58808,0.41192
462,21500463,0.58808,0.41192
463,21500464,0.61352,0.38648
464,21500465,0.58808,0.41192
465,21500466,0.61352,0.38648
466,21500467,0.58808,0.41192
467,21500468,0.61352,0.38648
468,21500469,0.58808,0.41192
469,21500470,0.61352,0.38648
470,21500471,0.61352,0.38648
471,21500472,0.61352,0.38648
472,21500473,0.61352,0.38648
473,21500474,0.58808,0.41192
474,21500475,0.58808,0.41192
475,21500476,0.61352,0.38648
476,21500477,0.61352,0.38648
477,21500478,0.58808,0.41192
478,21500479,0.61352,0.38648
479,21500480,0.58808,0.41192
480,21500481,0.58808,0.41192
481,21500482,0.58808,0.41192
482,21500483,0.61352,0.38648
483,21500484,0.58808,0.41192
484,21500485,0.58808,0.41192
485,21500486,0.61352,0.38648
486,21500487,0.61352,0.38648
487,21500488,0.61352,0.38648
488,21500489,0.61352,0.38648
489,21500490,0.58808,0.41192
490,21500491,0.61352,0.38648
491,21500492,0.61352,0.38648
492,21500493,0.61352,0.38648
493,21500494,0.61352,0.38648
494,21500495,0.58808,0.41192
495,21500496,0.58808,0.41192
496,21500497,0.58808,0.41192
497,21500498,0.58808,0.41192
498,21500499,0.61352,0.38648
499,21500500,0.61352,0.38648
500,21500501,0.58808,0.41192
501,21500502,0.58808,0.41192
502,21500503,0.61352,0.38648
503,21500504,0.61352,0.38648
504,21500505,0.58808,0.41192
505,21500506,0.61352,0.38648
506,21500507,0.61352,0.38648
507,21500508,0.61352,0.38648
508,21500509,0.61352,0.38648
509,21500510,0.58808,0.41192
510,21500511,0.58808,0.41192
511,21500512,0.61352,0.38648
512,21500513,0.61352,0.38648
513,21500514,0.61352,0.38648
514,21500515,0.58808,0.41192
515,21500516,0.61352,0.38648
516,21500517,0.61352,0.38648
517,21500518,0.58808,0.41192
518,21500519,0.58808,0.41192
519,21500520,0.61352,0.38648
520,21500521,0.58808,0.41192
521,21500522,0.61352,0.38648
522,21500523,0.58808,0.41192
523,21500524,0.58808,0.41192
524,21500525,0.61352,0.38648
525,21500526,0.58808,0.41192
526,21500527,0.61352,0.38648
527,21500528,0.58808,0.41192
528,21500529,0.61352,0.38648
529,21500530,0.61352,0.38648
530,21500531,0.61352,0.38648
531,21500532,0.58808,0.41192
532,21500533,0.61352,0.38648
533,21500534,0.61352,0.38648
534,21500535,0.58808,0.41192
535,21500536,0.58808,0.41192
536,21500537,0.58808,0.41192
537,21500538,0.61352,0.38648
538,21500539,0.58808,0.41192
539,21500540,0.61352,0.38648
540,21500541,0.61352,0.38648
541,21500542,0.61352,0.38648
542,21500543,0.61352,0.38648
543,21500544,0.61352,0.38648
544,21500545,0.61352,0.38648
545,21500546,0.61352,0.38648
546,21500547,0.58808,0.41192
547,21500548,0.58808,0.41192
548,21500549,0.58808,0.41192
549,21500550,0.61352,0.38648
550,21500551,0.61352,0.38648
551,21500552,0.58808,0.41192
552,21500553,0.61352,0.38648
553,21500554,0.58808,0.41192
554,21500555,0.61352,0.38648
555,21500556,0.61352,0.38648
556,21500557,0.61352,0.38648
557,21500558,0.61352,0.38648
558,21500559,0.61352,0.38648
559,21500560,0.58808,0.41192
560,21500561,0.61352,0.38648
561,21500562,0.61352,0.38648
562,21500563,0.61352,0.38648
563,21500564,0.58808,0.41192
564,21500565,0.61352,0.38648
565,21500566,0.61352,0.38648
566,21500567,0.58808,0.41192
567,21500568,0.58808,0.41192
568,21500569,0.61352,0.38648
569,21500570,0.58808,0.41192
570,21500571,0.58808,0.41192
571,21500572,0.58808,0.41192
572,21500573,0.58808,0.41192
573,21500574,0.58808,0.41192
574,21500575,0.58808,0.41192
575,21500576,0.58808,0.41192
576,21500577,0.58808,0.41192
577,21500578,0.58808,0.41192
578,21500579,0.61352,0.38648
579,21500580,0.58808,0.41192
580,21500581,0.61352,0.38648
581,21500582,0.61352,0.38648
582,21500583,0.58808,0.41192
583,21500584,0.58808,0.41192
584,21500585,0.61352,0.38648
585,21500586,0.58808,0.41192
586,21500587,0.58808,0.41192
587,21500588,0.61352,0.38648
588,21500589,0.58808,0.41192
589,21500590,0.58808,0.41192
590,21500591,0.58808,0.41192
591,21500592,0.61352,0.38648
592,21500593,0.58808,0.41192
593,21500594,0.61352,0.38648
594,21500595,0.58808,0.41192
595,21500596,0.61352,0.38648
596,21500597,0.61352,0.38648
597,21500598,0.61352,0.38648
598,21500599,0.58808,0.41192
599,21500600,0.58808,0.41192
600,21500601,0.61352,0.38648
601,21500602,0.58808,0.41192
602,21500603,0.61352,0.38648
603,21500604,0.61352,0.38648
604,21500605,0.58808,0.41192
605,21500606,0.61352,0.38648
606,21500607,0.61352,0.38648
607,21500608,0.58808,0.41192
608,21500609,0.61352,0.38648
609,21500610,0.58808,0.41192
610,21500611,0.61352,0.38648
611,21500612,0.61352,0.38648
612,21500613,0.58808,0.41192
613,21500614,0.58808,0.41192
614,21500615,0.61352,0.38648
615,21500616,0.61352,0.38648
616,21500617,0.61352,0.38648
617,21500618,0.61352,0.38648
618,21500619,0.61352,0.38648
619,21500620,0.58808,0.41192
620,21500621,0.58808,0.41192
621,21500622,0.58808,0.41192
622,21500623,0.58808,0.41192
623,21500624,0.58808,0.41192
624,21500625,0.61352,0.38648
625,21500626,0.58808,0.41192
626,21500627,0.58808,0.41192
627,21500628,0.58808,0.41192
628,21500629,0.58808,0.41192
629,21500630,0.61352,0.38648
630,21500631,0.58808,0.41192
631,21500632,0.58808,0.41192
632,21500633,0.58808,0.41192
633,21500634,0.61352,0.38648
634,21500635,0.61352,0.38648
635,21500636,0.61352,0.38648
636,21500637,0.61352,0.38648
637,21500638,0.58808,0.41192
638,21500639,0.58808,0.41192
639,21500640,0.58808,0.41192
640,21500641,0.58808,0.41192
641,21500642,0.58808,0.41192
642,21500643,0.58808,0.41192
643,21500644,0.58808,0.41192
644,21500645,0.61352,0.38648
645,21500646,0.58808,0.41192
646,21500647,0.61352,0.38648
647,21500648,0.61352,0.38648
648,21500649,0.58808,0.41192
649,21500650,0.61352,0.38648
650,21500651,0.58808,0.41192
651,21500652,0.58808,0.41192
652,21500653,0.58808,0.41192
653,21500654,0.61352,0.38648
654,21500655,0.58808,0.41192
655,21500656,0.61352,0.38648
656,21500657,0.61352,0.38648
657,21500658,0.58808,0.41192
658,21500659,0.58808,0.41192
659,21500660,0.58808,0.41192
660,21500661,0.58808,0.41192
661,21500662,0.58808,0.41192
662,21500663,0.61352,0.38648
663,21500664,0.61352,0.38648
664,21500665,0.61352,0.38648
665,21500666,0.58808,0.41192
666,21500667,0.58808,0.41192
667,21500668,0.61352,0.38648
668,21500669,0.58808,0.41192
669,21500670,0.61352,0.38648
670,21500671,0.61352,0.38648
671,21500672,0.61352,0.38648
672,21500673,0.58808,0.41192
673,21500674,0.61352,0.38648
674,21500675,0.58808,0.41192
675,21500676,0.58808,0.41192
676,21500677,0.58808,0.41192
677,21500678,0.58808,0.41192
678,21500679,0.58808,0.41192
679,21500680,0.58808,0.41192
680,21500681,0.61352,0.38648
681,21500682,0.58808,0.41192
682,21500683,0.58808,0.41192
683,21500684,0.58808,0.41192
684,21500685,0.58808,0.41192
685,21500686,0.58808,0.41192
686,21500687,0.58808,0.41192
687,21500688,0.61352,0.38648
688,21500689,0.58808,0.41192
689,21500690,0.61352,0.38648
690,21500691,0.61352,0.38648
691,21500692,0.61352,0.38648
692,21500693,0.61352,0.38648
693,21500694,0.61352,0.38648
694,21500695,0.58808,0.41192
695,21500696,0.61352,0.38648
696,21500697,0.58808,0.41192
697,21500698,0.61352,0.38648
698,21500699,0.61352,0.38648
699,21500700,0.58808,0.41192
700,21500701,0.58808,0.41192
701,21500702,0.58808,0.41192
702,21500703,0.58808,0.41192
703,21500704,0.58808,0.41192
704,21500705,0.61352,0.38648
705,21500706,0.58808,0.41192
706,21500707,0.61352,0.38648
707,21500708,0.58808,0.41192
708,21500709,0.61352,0.38648
709,21500710,0.61352,0.38648
710,21500711,0.61352,0.38648
711,21500712,0.61352,0.38648
712,21500713,0.61352,0.38648
713,21500714,0.61352,0.38648
714,21500715,0.58808,0.41192
715,21500716,0.58808,0.41192
716,21500717,0.58808,0.41192
717,21500718,0.58808,0.41192
718,21500719,0.61352,0.38648
719,21500720,0.58808,0.41192
720,21500721,0.58808,0.41192
721,21500722,0.58808,0.41192
722,21500723,0.61352,0.38648
723,21500724,0.58808,0.41192
724,21500725,0.61352,0.38648
725,21500726,0.61352,0.38648
726,21500727,0.61352,0.38648
727,21500728,0.58808,0.41192
728,21500729,0.61352,0.38648
729,21500730,0.61352,0.38648
730,21500731,0.58808,0.41192
731,21500732,0.61352,0.38648
732,21500733,0.58808,0.41192
733,21500734,0.58808,0.41192
734,21500735,0.58808,0.41192
735,21500736,0.61352,0.38648
736,21500737,0.61352,0.38648
737,21500738,0.58808,0.41192
738,21500739,0.61352,0.38648
739,21500740,0.58808,0.41192
740,21500741,0.58808,0.41192
741,21500742,0.61352,0.38648
742,21500743,0.58808,0.41192
743,21500744,0.58808,0.41192
744,21500745,0.58808,0.41192
745,21500746,0.61352,0.38648
746,21500747,0.61352,0.38648
747,21500748,0.61352,0.38648
748,21500749,0.61352,0.38648
749,21500750,0.61352,0.38648
750,21500751,0.58808,0.41192
751,21500752,0.58808,0.41192
752,21500753,0.58808,0.41192
753,21500754,0.58808,0.41192
754,21500755,0.61352,0.38648
755,21500756,0.58808,0.41192
756,21500757,0.61352,0.38648
757,21500758,0.58808,0.41192
758,21500759,0.61352,0.38648
759,21500760,0.61352,0.38648
760,21500761,0.58808,0.41192
761,21500762,0.58808,0.41192
762,21500763,0.61352,0.38648
763,21500764,0.61352,0.38648
764,21500765,0.61352,0.38648
765,21500766,0.58808,0.41192
766,21500767,0.61352,0.38648
767,21500768,0.58808,0.41192
768,21500769,0.58808,0.41192
769,21500770,0.61352,0.38648
770,21500771,0.58808,0.41192
771,21500772,0.58808,0.41192
772,21500773,0.58808,0.41192
773,21500774,0.61352,0.38648
774,21500775,0.58808,0.41192
775,21500776,0.61352,0.38648
776,21500777,0.58808,0.41192
777,21500778,0.61352,0.38648
778,21500779,0.58808,0.41192
779,21500780,0.58808,0.41192
780,21500781,0.61352,0.38648
781,21500782,0.58808,0.41192
782,21500783,0.58808,0.41192
783,21500784,0.61352,0.38648
784,21500785,0.58808,0.41192
785,21500786,0.61352,0.38648
786,21500787,0.58808,0.41192
787,21500788,0.61352,0.38648
788,21500789,0.61352,0.38648
789,21500790,0.58808,0.41192
790,21500791,0.58808,0.41192
791,21500792,0.58808,0.41192
792,21500793,0.61352,0.38648
793,21500794,0.61352,0.38648
794,21500795,0.61352,0.38648
795,21500796,0.61352,0.38648
796,21500797,0.58808,0.41192
797,21500798,0.61352,0.38648
798,21500799,0.58808,0.41192
799,21500800,0.58808,0.41192
800,21500801,0.58808,0.41192
801,21500802,0.58808,0.41192
802,21500803,0.58808,0.41192
803,21500804,0.61352,0.38648
804,21500805,0.58808,0.41192
805,21500806,0.58808,0.41192
806,21500807,0.61352,0.38648
807,21500808,0.61352,0.38648
808,21500809,0.61352,0.38648
809,21500810,0.61352,0.38648
810,21500811,0.61352,0.38648
811,21500812,0.58808,0.41192
812,21500813,0.58808,0.41192
813,21500814,0.61352,0.38648
814,21500815,0.58808,0.41192
815,21500816,0.58808,0.41192
816,21500817,0.61352,0.38648
817,21500818,0.61352,0.38648
818,21500819,0.58808,0.41192
819,21500820,0.61352,0.38648
820,21500821,0.58808,0.41192
821,21500822,0.61352,0.38648
822,21500823,0.61352,0.38648
823,21500824,0.61352,0.38648
824,21500825,0.58808,0.41192
825,21500826,0.58808,0.41192
826,21500827,0.61352,0.38648
827,21500828,0.58808,0.41192
828,21500829,0.58808,0.41192
829,21500830,0.58808,0.41192
830,21500831,0.61352,0.38648
831,21500832,0.58808,0.41192
832,21500833,0.61352,0.38648
833,21500834,0.61352,0.38648
834,21500835,0.58808,0.41192
835,21500836,0.61352,0.38648
836,21500837,0.58808,0.41192
837,21500838,0.61352,0.38648
838,21500839,0.61352,0.38648
839,21500840,0.58808,0.41192
840,21500841,0.61352,0.38648
841,21500842,0.61352,0.38648
842,21500843,0.58808,0.41192
843,21500844,0.61352,0.38648
844,21500845,0.61352,0.38648
845,21500846,0.58808,0.41192
846,21500847,0.61352,0.38648
847,21500848,0.61352,0.38648
848,21500849,0.61352,0.38648
849,21500850,0.58808,0.41192
850,21500851,0.61352,0.38648
851,21500852,0.58808,0.41192
852,21500853,0.61352,0.38648
853,21500854,0.58808,0.41192
854,21500855,0.58808,0.41192
855,21500856,0.61352,0.38648
856,21500857,0.58808,0.41192
857,21500858,0.58808,0.41192
858,21500859,0.58808,0.41192
859,21500860,0.58808,0.41192
860,21500861,0.61352,0.38648
861,21500862,0.61352,0.38648
862,21500863,0.61352,0.38648
863,21500864,0.61352,0.38648
864,21500865,0.61352,0.38648
865,21500866,0.58808,0.41192
866,21500867,0.58808,0.41192
867,21500868,0.61352,0.38648
868,21500869,0.58808,0.41192
869,21500870,0.58808,0.41192
870,21500871,0.61352,0.38648
871,21500872,0.61352,0.38648
872,21500873,0.58808,0.41192
873,21500874,0.61352,0.38648
874,21500875,0.61352,0.38648
875,21500876,0.61352,0.38648
876,21500877,0.58808,0.41192
877,21500878,0.61352,0.38648
878,21500879,0.61352,0.38648
879,21500880,0.58808,0.41192
880,21500881,0.61352,0.38648
881,21500882,0.58808,0.41192
882,21500883,0.58808,0.41192
883,21500884,0.58808,0.41192
884,21500885,0.58808,0.41192
885,21500886,0.61352,0.38648
886,21500887,0.61352,0.38648
887,21500888,0.61352,0.38648
888,21500889,0.61352,0.38648
889,21500890,0.61352,0.38648
890,21500891,0.61352,0.38648
891,21500892,0.58808,0.41192
892,21500893,0.58808,0.41192
893,21500894,0.61352,0.38648
894,21500895,0.58808,0.41192
895,21500896,0.58808,0.41192
896,21500897,0.58808,0.41192
897,21500898,0.61352,0.38648
898,21500899,0.58808,0.41192
899,21500900,0.58808,0.41192
900,21500901,0.61352,0.38648
901,21500902,0.61352,0.38648
902,21500903,0.61352,0.38648
903,21500904,0.61352,0.38648
904,21500905,0.61352,0.38648
905,21500906,0.61352,0.38648
906,21500907,0.61352,0.38648
907,21500908,0.58808,0.41192
908,21500909,0.61352,0.38648
909,21500910,0.61352,0.38648
910,21500911,0.61352,0.38648
911,21500912,0.61352,0.38648
912,21500913,0.58808,0.41192
913,21500914,0.58808,0.41192
914,21500915,0.61352,0.38648
915,21500916,0.61352,0.38648
916,21500917,0.61352,0.38648
917,21500918,0.58808,0.41192
918,21500919,0.58808,0.41192
919,21500920,0.58808,0.41192
920,21500921,0.58808,0.41192
921,21500922,0.61352,0.38648
922,21500923,0.58808,0.41192
923,21500924,0.61352,0.38648
924,21500925,0.61352,0.38648
925,21500926,0.61352,0.38648
926,21500927,0.58808,0.41192
927,21500928,0.61352,0.38648
928,21500929,0.61352,0.38648
929,21500930,0.58808,0.41192
930,21500931,0.61352,0.38648
931,21500932,0.61352,0.38648
932,21500933,0.61352,0.38648
933,21500934,0.61352,0.38648
934,21500935,0.61352,0.38648
935,21500936,0.58808,0.41192
936,21500937,0.58808,0.41192
937,21500938,0.58808,0.41192
938,21500939,0.58808,0.41192
939,21500940,0.61352,0.38648
940,21500941,0.61352,0.38648
941,21500942,0.58808,0.41192
942,21500943,0.61352,0.38648
943,21500944,0.58808,0.41192
944,21500945,0.61352,0.38648
945,21500946,0.61352,0.38648
946,21500947,0.61352,0.38648
947,21500948,0.61352,0.38648
948,21500949,0.61352,0.38648
949,21500950,0.58808,0.41192
950,21500951,0.61352,0.38648
951,21500952,0.58808,0.41192
952,21500953,0.61352,0.38648
953,21500954,0.58808,0.41192
954,21500955,0.61352,0.38648
955,21500956,0.58808,0.41192
956,21500957,0.58808,0.41192
957,21500958,0.61352,0.38648
958,21500959,0.58808,0.41192
959,21500960,0.61352,0.38648
960,21500961,0.58808,0.41192
961,21500962,0.61352,0.38648
962,21500963,0.61352,0.38648
963,21500964,0.58808,0.41192
964,21500965,0.58808,0.41192
965,21500966,0.61352,0.38648
966,21500967,0.61352,0.38648
967,21500968,0.61352,0.38648
968,21500969,0.61352,0.38648
969,21500970,0.61352,0.38648
970,21500971,0.58808,0.41192
971,21500972,0.61352,0.38648
972,21500973,0.58808,0.41192
973,21500974,0.61352,0.38648
974,21500975,0.61352,0.38648
975,21500976,0.58808,0.41192
976,21500977,0.58808,0.41192
977,21500978,0.58808,0.41192
978,21500979,0.58808,0.41192
979,21500980,0.58808,0.41192
980,21500981,0.61352,0.38648
981,21500982,0.58808,0.41192
982,21500983,0.61352,0.38648
983,21500984,0.58808,0.41192
984,21500985,0.61352,0.38648
985,21500986,0.58808,0.41192
986,21500987,0.58808,0.41192
987,21500988,0.61352,0.38648
988,21500989,0.58808,0.41192
989,21500990,0.61352,0.38648
990,21500991,0.61352,0.38648
991,21500992,0.58808,0.41192
992,21500993,0.58808,0.41192
993,21500994,0.58808,0.41192
994,21500995,0.61352,0.38648
995,21500996,0.61352,0.38648
996,21500997,0.61352,0.38648
997,21500998,0.58808,0.41192
998,21500999,0.61352,0.38648
999,21501000,0.58808,0.41192
1000,21501001,0.58808,0.41192
1001,21501002,0.58808,0.41192
1002,21501003,0.58808,0.41192
1003,21501004,0.58808,0.41192
1004,21501005,0.61352,0.38648
1005,21501006,0.61352,0.38648
1006,21501007,0.58808,0.41192
1007,21501008,0.61352,0.38648
1008,21501009,0.61352,0.38648
1009,21501010,0.58808,0.41192
1010,21501011,0.58808,0.41192
1011,21501012,0.58808,0.41192
1012,21501013,0.61352,0.38648
1013,21501014,0.61352,0.38648
1014,21501015,0.58808,0.41192
1015,21501016,0.61352,0.38648
1016,21501017,0.58808,0.41192
1017,21501018,0.58808,0.41192
1018,21501019,0.58808,0.41192
1019,21501020,0.58808,0.41192
1020,21501021,0.58808,0.41192
1021,21501022,0.61352,0.38648
1022,21501023,0.61352,0.38648
1023,21501024,0.58808,0.41192
1024,21501025,0.61352,0.38648
1025,21501026,0.61352,0.38648
1026,21501027,0.58808,0.41192
1027,21501028,0.58808,0.41192
1028,21501029,0.58808,0.41192
1029,21501030,0.61352,0.38648
1030,21501031,0.58808,0.41192
1031,21501032,0.58808,0.41192
1032,21501033,0.61352,0.38648
1033,21501034,0.58808,0.41192
1034,21501035,0.58808,0.41192
1035,21501036,0.61352,0.38648
1036,21501037,0.58808,0.41192
1037,21501038,0.58808,0.41192
1038,21501039,0.58808,0.41192
1039,21501040,0.58808,0.41192
1040,21501041,0.58808,0.41192
1041,21501042,0.58808,0.41192
1042,21501043,0.61352,0.38648
1043,21501044,0.61352,0.38648
1044,21501045,0.61352,0.38648
1045,21501046,0.61352,0.38648
1046,21501047,0.61352,0.38648
1047,21501048,0.58808,0.41192
1048,21501049,0.61352,0.38648
1049,21501050,0.61352,0.38648
1050,21501051,0.61352,0.38648
1051,21501052,0.61352,0.38648
1052,21501053,0.61352,0.38648
1053,21501054,0.58808,0.41192
1054,21501055,0.61352,0.38648
1055,21501056,0.58808,0.41192
1056,21501057,0.61352,0.38648
1057,21501058,0.61352,0.38648
1058,21501059,0.61352,0.38648
1059,21501060,0.61352,0.38648
1060,21501061,0.58808,0.41192
1061,21501062,0.58808,0.41192
1062,21501063,0.61352,0.38648
1063,21501064,0.61352,0.38648
1064,21501065,0.61352,0.38648
1065,21501066,0.58808,0.41192
1066,21501067,0.61352,0.38648
1067,21501068,0.58808,0.41192
1068,21501069,0.61352,0.38648
1069,21501070,0.61352,0.38648
1070,21501071,0.58808,0.41192
1071,21501072,0.58808,0.41192
1072,21501073,0.58808,0.41192
1073,21501074,0.61352,0.38648
1074,21501075,0.61352,0.38648
1075,21501076,0.58808,0.41192
1076,21501077,0.61352,0.38648
1077,21501078,0.61352,0.38648
1078,21501079,0.61352,0.38648
1079,21501080,0.61352,0.38648
1080,21501081,0.61352,0.38648
1081,21501082,0.61352,0.38648
1082,21501083,0.61352,0.38648
1083,21501084,0.61352,0.38648
1084,21501085,0.61352,0.38648
1085,21501086,0.61352,0.38648
1086,21501087,0.58808,0.41192
1087,21501088,0.61352,0.38648
1088,21501089,0.61352,0.38648
1089,21501090,0.61352,0.38648
1090,21501091,0.61352,0.38648
1091,21501092,0.61352,0.38648
1092,21501093,0.61352,0.38648
1093,21501094,0.61352,0.38648
1094,21501095,0.61352,0.38648
1095,21501096,0.58808,0.41192
1096,21501097,0.58808,0.41192
1097,21501098,0.58808,0.41192
1098,21501099,0.61352,0.38648
1099,21501100,0.58808,0.41192
1100,21501101,0.58808,0.41192
1101,21501102,0.58808,0.41192
1102,21501103,0.61352,0.38648
1103,21501104,0.61352,0.38648
1104,21501105,0.61352,0.38648
1105,21501106,0.58808,0.41192
1106,21501107,0.58808,0.41192
1107,21501108,0.61352,0.38648
1108,21501109,0.61352,0.38648
1109,21501110,0.61352,0.38648
1110,21501111,0.58808,0.41192
1111,21501112,0.61352,0.38648
1112,21501113,0.61352,0.38648
1113,21501114,0.58808,0.41192
1114,21501115,0.58808,0.41192
1115,21501116,0.58808,0.41192
1116,21501117,0.58808,0.41192
1117,21501118,0.58808,0.41192
1118,21501119,0.61352,0.38648
1119,21501120,0.58808,0.41192
1120,21501121,0.61352,0.38648
1121,21501122,0.61352,0.38648
1122,21501123,0.58808,0.41192
1123,21501124,0.58808,0.41192
1124,21501125,0.58808,0.41192
1125,21501126,0.61352,0.38648
1126,21501127,0.61352,0.38648
1127,21501128,0.61352,0.38648
1128,21501129,0.61352,0.38648
1129,21501130,0.58808,0.41192
1130,21501131,0.58808,0.41192
1131,21501132,0.61352,0.38648
1132,21501133,0.61352,0.38648
1133,21501134,0.61352,0.38648
1134,21501135,0.61352,0.38648
1135,21501136,0.61352,0.38648
1136,21501137,0.58808,0.41192
1137,21501138,0.58808,0.41192
1138,21501139,0.61352,0.38648
1139,21501140,0.58808,0.41192
1140,21501141,0.58808,0.41192
1141,21501142,0.61352,0.38648
1142,21501143,0.58808,0.41192
1143,21501144,0.58808,0.41192
1144,21501145,0.61352,0.38648
1145,21501146,0.58808,0.41192
1146,21501147,0.61352,0.38648
1147,21501148,0.61352,0.38648
1148,21501149,0.58808,0.41192
1149,21501150,0.58808,0.41192
1150,21501151,0.61352,0.38648
1151,21501152,0.58808,0.41192
1152,21501153,0.58808,0.41192
1153,21501154,0.58808,0.41192
1154,21501155,0.61352,0.38648
1155,21501156,0.61352,0.38648
1156,21501157,0.61352,0.38648
1157,21501158,0.61352,0.38648
1158,21501159,0.61352,0.38648
1159,21501160,0.58808,0.41192
1160,21501161,0.58808,0.41192
1161,21501162,0.61352,0.38648
1162,21501163,0.61352,0.38648
1163,21501164,0.61352,0.38648
1164,21501165,0.61352,0.38648
1165,21501166,0.58808,0.41192
1166,21501167,0.61352,0.38648
1167,21501168,0.61352,0.38648
1168,21501169,0.61352,0.38648
1169,21501170,0.58808,0.41192
1170,21501171,0.58808,0.41192
1171,21501172,0.58808,0.41192
1172,21501173,0.61352,0.38648
1173,21501174,0.58808,0.41192
1174,21501175,0.58808,0.41192
1175,21501176,0.61352,0.38648
1176,21501177,0.58808,0.41192
1177,21501178,0.61352,0.38648
1178,21501179,0.61352,0.38648
1179,21501180,0.58808,0.41192
1180,21501181,0.58808,0.41192
1181,21501182,0.61352,0.38648
1182,21501183,0.58808,0.41192
1183,21501184,0.61352,0.38648
1184,21501185,0.61352,0.38648
1185,21501186,0.61352,0.38648
1186,21501187,0.61352,0.38648
1187,21501188,0.61352,0.38648
1188,21501189,0.58808,0.41192
1189,21501190,0.58808,0.41192
1190,21501191,0.58808,0.41192
1191,21501192,0.58808,0.41192
1192,21501193,0.61352,0.38648
1193,21501194,0.61352,0.38648
1194,21501195,0.61352,0.38648
1195,21501196,0.58808,0.41192
1196,21501197,0.58808,0.41192
1197,21501198,0.61352,0.38648
1198,21501199,0.58808,0.41192
1199,21501200,0.58808,0.41192
1200,21501201,0.58808,0.41192
1201,21501202,0.61352,0.38648
1202,21501203,0.58808,0.41192
1203,21501204,0.61352,0.38648
1204,21501205,0.61352,0.38648
1205,21501206,0.58808,0.41192
1206,21501207,0.58808,0.41192
1207,21501208,0.61352,0.38648
1208,21501209,0.61352,0.38648
1209,21501210,0.61352,0.38648
1210,21501211,0.61352,0.38648
1211,21501212,0.61352,0.38648
1212,21501213,0.61352,0.38648
1213,21501214,0.61352,0.38648
1214,21501215,0.58808,0.41192
1215,21501216,0.61352,0.38648
1216,21501217,0.58808,0.41192
1217,21501218,0.61352,0.38648
1218,21501219,0.61352,0.38648
1219,21501220,0.58808,0.41192
1220,21501221,0.61352,0.38648
1221,21501222,0.58808,0.41192
1222,21501223,0.61352,0.38648
1223,21501224,0.58808,0.41192
1224,21501225,0.58808,0.41192
1225,21501226,0.61352,0.38648
1226,21501227,0.61352,0.38648
1227,21501228,0.58808,0.41192
1228,21501229,0.61352,0.38648
1229,21501230,0.58808,0.41192
