,GAME_ID,QTR_HOME_FG,QTR_HOME_FG_MISSES,QTR_HOME_FG_PCT,QTR_HOME_REBOUNDS,QTR_VISITING_FG,QTR_VISITING_FG_PCT,QTR_VISITING_MISSES,QTR_VISITING_REBOUNDS
0,21500001,11,13,0.458333333333,13,10,0.5,10,9
1,21500002,7,13,0.35,10,7,0.304347826087,16,15
2,21500003,15,11,0.576923076923,11,11,0.611111111111,7,6
3,21500004,11,10,0.52380952381,10,11,0.5,11,11
4,21500005,7,15,0.318181818182,10,11,0.458333333333,13,15
5,21500006,7,12,0.368421052632,7,13,0.541666666667,11,14
6,21500007,5,15,0.25,13,7,0.35,13,13
7,21500008,7,9,0.4375,10,11,0.5,11,9
8,21500009,6,12,0.333333333333,10,10,0.47619047619,11,10
9,21500010,5,17,0.227272727273,7,10,0.588235294118,7,15
10,21500011,4,17,0.190476190476,10,10,0.5,10,15
11,21500012,8,16,0.333333333333,15,7,0.35,13,11
12,21500013,11,12,0.478260869565,12,10,0.454545454545,12,9
13,21500014,7,11,0.388888888889,12,5,0.3125,11,10
14,21500015,10,10,0.5,15,6,0.285714285714,15,9
15,21500016,7,11,0.388888888889,10,10,0.555555555556,8,11
16,21500017,8,14,0.363636363636,15,7,0.318181818182,15,9
17,21500018,4,15,0.210526315789,10,11,0.55,9,13
18,21500019,7,14,0.333333333333,11,12,0.545454545455,10,11
19,21500020,7,10,0.411764705882,13,6,0.285714285714,15,10
20,21500021,10,13,0.434782608696,14,9,0.473684210526,10,10
21,21500022,15,6,0.714285714286,5,11,0.5,11,10
22,21500023,6,8,0.428571428571,7,6,0.352941176471,11,9
23,21500024,7,13,0.35,9,6,0.315789473684,13,15
24,21500025,7,16,0.304347826087,12,8,0.380952380952,13,15
25,21500026,9,11,0.45,12,9,0.391304347826,14,13
26,21500027,11,7,0.611111111111,13,5,0.277777777778,13,7
27,21500028,9,16,0.36,14,12,0.5,12,13
28,21500029,8,15,0.347826086957,11,8,0.444444444444,10,12
29,21500030,7,9,0.4375,12,6,0.352941176471,11,6
30,21500031,14,7,0.666666666667,15,6,0.333333333333,12,5
31,21500032,10,8,0.555555555556,13,9,0.391304347826,14,11
32,21500033,9,7,0.5625,7,10,0.434782608696,13,12
33,21500034,9,12,0.428571428571,11,8,0.444444444444,10,8
34,21500035,9,14,0.391304347826,8,9,0.642857142857,5,8
35,21500036,9,8,0.529411764706,6,9,0.642857142857,5,7
36,21500037,8,12,0.4,13,10,0.416666666667,14,12
37,21500038,9,7,0.5625,8,10,0.434782608696,13,13
38,21500039,7,15,0.318181818182,13,14,0.518518518519,13,11
39,21500040,6,17,0.260869565217,10,10,0.5,10,12
40,21500041,8,13,0.380952380952,12,12,0.571428571429,9,7
41,21500042,8,13,0.380952380952,11,6,0.352941176471,11,9
42,21500043,12,9,0.571428571429,11,11,0.44,14,8
43,21500044,11,9,0.55,14,8,0.380952380952,13,5
44,21500045,5,11,0.3125,13,10,0.434782608696,13,10
45,21500046,11,8,0.578947368421,9,7,0.368421052632,12,9
46,21500047,12,8,0.6,8,12,0.6,8,8
47,21500048,8,15,0.347826086957,15,7,0.333333333333,14,15
48,21500049,9,17,0.346153846154,12,9,0.473684210526,10,15
49,21500050,12,6,0.666666666667,8,6,0.352941176471,11,8
50,21500051,7,12,0.368421052632,13,9,0.36,16,12
51,21500052,10,16,0.384615384615,14,9,0.391304347826,14,14
52,21500053,14,7,0.666666666667,13,9,0.409090909091,13,7
53,21500054,13,12,0.52,13,10,0.5,10,5
54,21500055,9,9,0.5,10,9,0.391304347826,14,12
55,21500056,7,13,0.35,7,12,0.5,12,15
56,21500057,5,10,0.333333333333,11,11,0.5,11,12
57,21500058,9,7,0.5625,9,12,0.5,12,10
58,21500059,9,8,0.529411764706,9,10,0.47619047619,11,9
59,21500060,9,15,0.375,17,6,0.3,14,12
60,21500061,7,10,0.411764705882,10,9,0.428571428571,12,12
61,21500062,8,12,0.4,8,7,0.35,13,12
62,21500063,8,15,0.347826086957,7,13,0.590909090909,9,14
63,21500064,12,10,0.545454545455,11,15,0.681818181818,7,8
64,21500065,10,10,0.5,12,8,0.421052631579,11,9
65,21500066,11,9,0.55,13,5,0.217391304348,18,10
66,21500067,12,10,0.545454545455,13,8,0.380952380952,13,9
67,21500068,12,16,0.428571428571,7,13,0.65,7,11
68,21500069,6,14,0.3,9,9,0.5,9,10
69,21500070,8,15,0.347826086957,14,11,0.52380952381,10,10
70,21500071,6,18,0.25,10,9,0.473684210526,10,17
71,21500072,6,9,0.4,9,15,0.555555555556,12,12
72,21500073,9,8,0.529411764706,13,6,0.285714285714,15,8
73,21500074,9,14,0.391304347826,14,9,0.45,11,13
74,21500075,5,11,0.3125,9,3,0.214285714286,11,8
75,21500076,16,9,0.64,13,11,0.52380952381,10,10
76,21500077,9,12,0.428571428571,16,3,0.176470588235,14,7
77,21500078,10,10,0.5,12,7,0.466666666667,8,7
78,21500079,8,13,0.380952380952,7,14,0.666666666667,7,8
79,21500080,7,15,0.318181818182,9,11,0.578947368421,8,12
80,21500081,12,11,0.521739130435,7,8,0.470588235294,9,12
81,21500082,6,16,0.272727272727,13,8,0.4,12,12
82,21500083,15,11,0.576923076923,14,8,0.444444444444,10,5
83,21500084,6,15,0.285714285714,13,7,0.5,7,11
84,21500085,9,9,0.5,8,12,0.5,12,12
85,21500086,9,18,0.333333333333,10,9,0.473684210526,10,13
86,21500087,8,14,0.363636363636,11,11,0.478260869565,12,13
87,21500088,9,13,0.409090909091,12,9,0.409090909091,13,12
88,21500089,6,12,0.333333333333,10,7,0.388888888889,11,14
89,21500090,11,6,0.647058823529,9,7,0.368421052632,12,10
90,21500091,9,12,0.428571428571,11,9,0.409090909091,13,11
91,21500092,5,14,0.263157894737,13,5,0.227272727273,17,12
92,21500093,12,10,0.545454545455,10,9,0.409090909091,13,12
93,21500094,7,12,0.368421052632,13,7,0.333333333333,14,14
94,21500095,9,13,0.409090909091,11,7,0.466666666667,8,6
95,21500096,8,13,0.380952380952,11,11,0.5,11,10
96,21500097,12,8,0.6,13,6,0.3,14,7
97,21500098,13,9,0.590909090909,13,11,0.379310344828,18,15
98,21500099,7,11,0.388888888889,11,9,0.409090909091,13,10
99,21500100,7,14,0.333333333333,10,11,0.5,11,14
100,21500101,10,12,0.454545454545,7,15,0.625,9,11
101,21500102,9,8,0.529411764706,10,10,0.5,10,8
102,21500103,11,13,0.458333333333,15,9,0.375,15,9
103,21500104,9,10,0.473684210526,12,6,0.315789473684,13,8
104,21500105,4,9,0.307692307692,8,12,0.461538461538,14,9
105,21500106,12,8,0.6,11,8,0.333333333333,16,10
106,21500107,8,18,0.307692307692,8,12,0.571428571429,9,17
107,21500108,12,13,0.48,15,9,0.5,9,7
108,21500109,6,10,0.375,10,9,0.346153846154,17,14
109,21500110,12,11,0.521739130435,12,10,0.47619047619,11,8
110,21500111,12,8,0.6,15,5,0.3125,11,5
111,21500112,11,12,0.478260869565,12,6,0.315789473684,13,11
112,21500113,6,16,0.272727272727,9,12,0.545454545455,10,18
113,21500114,10,15,0.4,14,11,0.5,11,13
114,21500115,12,10,0.545454545455,11,6,0.352941176471,11,9
115,21500116,7,8,0.466666666667,9,10,0.5,10,6
116,21500117,9,9,0.5,9,9,0.375,15,14
117,21500118,7,9,0.4375,7,11,0.578947368421,8,10
118,21500119,11,10,0.52380952381,8,7,0.318181818182,15,15
119,21500120,5,14,0.263157894737,10,9,0.428571428571,12,14
120,21500121,13,14,0.481481481481,9,15,0.681818181818,7,10
121,21500122,12,8,0.6,12,7,0.368421052632,12,10
122,21500123,13,13,0.5,11,14,0.518518518519,13,14
123,21500124,10,12,0.454545454545,12,5,0.357142857143,9,9
124,21500125,12,12,0.5,10,15,0.6,10,9
125,21500126,9,12,0.428571428571,12,8,0.380952380952,13,13
126,21500127,12,13,0.48,9,13,0.5,13,14
127,21500128,11,9,0.55,11,6,0.4,9,4
128,21500129,7,17,0.291666666667,16,9,0.5,9,9
129,21500130,7,10,0.411764705882,9,11,0.52380952381,10,9
130,21500131,6,14,0.3,13,8,0.444444444444,10,8
131,21500132,9,14,0.391304347826,16,9,0.391304347826,14,10
132,21500133,9,13,0.409090909091,4,10,0.5,10,13
133,21500134,10,14,0.416666666667,9,11,0.52380952381,10,10
134,21500135,10,13,0.434782608696,12,9,0.428571428571,12,10
135,21500136,9,10,0.473684210526,9,5,0.3125,11,10
136,21500137,5,19,0.208333333333,13,9,0.5625,7,11
137,21500138,8,10,0.444444444444,11,11,0.5,11,11
138,21500139,11,11,0.5,10,12,0.6,8,10
139,21500140,6,13,0.315789473684,8,11,0.55,9,14
140,21500141,9,16,0.36,12,5,0.416666666667,7,10
141,21500142,7,14,0.333333333333,20,4,0.190476190476,17,9
142,21500143,10,11,0.47619047619,13,3,0.157894736842,16,13
143,21500144,7,16,0.304347826087,7,18,0.666666666667,9,16
144,21500145,6,17,0.260869565217,12,8,0.5,8,9
145,21500146,11,14,0.44,10,8,0.533333333333,7,9
146,21500147,17,9,0.653846153846,7,11,0.478260869565,12,9
147,21500148,8,15,0.347826086957,8,12,0.631578947368,7,14
148,21500149,9,12,0.428571428571,9,10,0.47619047619,11,12
149,21500150,7,8,0.466666666667,12,5,0.238095238095,16,10
150,21500151,7,10,0.411764705882,15,8,0.32,17,11
151,21500152,5,10,0.333333333333,12,8,0.4,12,11
152,21500153,12,12,0.5,13,7,0.35,13,9
153,21500154,7,14,0.333333333333,13,8,0.421052631579,11,10
154,21500155,8,9,0.470588235294,9,9,0.5,9,8
155,21500156,6,17,0.260869565217,15,5,0.277777777778,13,10
156,21500157,8,15,0.347826086957,13,8,0.5,8,8
157,21500158,9,10,0.473684210526,7,11,0.5,11,12
158,21500159,7,13,0.35,8,10,0.526315789474,9,12
159,21500160,11,10,0.52380952381,8,13,0.565217391304,10,11
160,21500161,9,9,0.5,11,5,0.238095238095,16,11
161,21500162,10,14,0.416666666667,17,8,0.380952380952,13,10
162,21500163,11,15,0.423076923077,11,14,0.518518518519,13,15
163,21500164,10,10,0.5,10,8,0.4,12,8
164,21500165,13,11,0.541666666667,9,10,0.588235294118,7,5
165,21500166,8,15,0.347826086957,9,10,0.555555555556,8,16
166,21500167,7,11,0.388888888889,12,10,0.416666666667,14,10
167,21500168,12,10,0.545454545455,14,5,0.277777777778,13,8
168,21500169,9,12,0.428571428571,9,11,0.578947368421,8,11
169,21500170,7,11,0.388888888889,8,7,0.4375,9,11
170,21500171,6,15,0.285714285714,9,12,0.521739130435,11,12
171,21500172,9,10,0.473684210526,13,8,0.32,17,12
172,21500173,13,11,0.541666666667,13,9,0.391304347826,14,11
173,21500174,8,16,0.333333333333,8,13,0.722222222222,5,12
174,21500175,8,12,0.4,8,9,0.529411764706,8,8
175,21500176,11,11,0.5,10,11,0.52380952381,10,8
176,21500177,15,6,0.714285714286,12,8,0.444444444444,10,8
177,21500178,14,8,0.636363636364,12,8,0.347826086957,15,11
178,21500179,12,15,0.444444444444,14,9,0.409090909091,13,14
179,21500180,8,13,0.380952380952,14,6,0.333333333333,12,10
180,21500181,8,9,0.470588235294,11,10,0.454545454545,12,10
181,21500182,5,10,0.333333333333,11,7,0.368421052632,12,11
182,21500183,9,15,0.375,11,9,0.428571428571,12,11
183,21500184,7,12,0.368421052632,7,8,0.4,12,12
184,21500185,12,13,0.48,14,7,0.411764705882,10,7
185,21500186,8,13,0.380952380952,13,8,0.380952380952,13,11
186,21500187,11,12,0.478260869565,14,13,0.52,12,10
187,21500188,11,10,0.52380952381,13,10,0.434782608696,13,8
188,21500189,9,12,0.428571428571,10,9,0.473684210526,10,11
189,21500190,9,13,0.409090909091,11,7,0.411764705882,10,12
190,21500191,9,13,0.409090909091,15,8,0.363636363636,14,11
191,21500192,11,13,0.458333333333,10,15,0.576923076923,11,13
192,21500193,6,11,0.352941176471,12,7,0.388888888889,11,11
193,21500194,12,11,0.521739130435,9,8,0.444444444444,10,8
194,21500195,11,12,0.478260869565,15,8,0.363636363636,14,10
195,21500196,9,9,0.5,9,12,0.5,12,11
196,21500197,10,12,0.454545454545,15,7,0.318181818182,15,9
197,21500198,9,9,0.5,14,9,0.333333333333,18,11
198,21500199,13,14,0.481481481481,11,10,0.625,6,8
199,21500200,7,10,0.411764705882,8,13,0.565217391304,10,10
200,21500201,7,13,0.35,12,14,0.5,14,13
201,21500202,11,9,0.55,10,11,0.52380952381,10,9
202,21500203,11,11,0.5,12,11,0.52380952381,10,8
203,21500204,10,12,0.454545454545,12,8,0.363636363636,14,12
204,21500205,11,11,0.5,9,10,0.526315789474,9,10
205,21500206,8,12,0.4,10,8,0.444444444444,10,10
206,21500207,8,10,0.444444444444,11,6,0.375,10,10
207,21500208,6,10,0.375,10,8,0.444444444444,10,10
208,21500209,12,13,0.48,10,12,0.631578947368,7,7
209,21500210,13,8,0.619047619048,10,9,0.409090909091,13,10
210,21500211,9,14,0.391304347826,8,7,0.411764705882,10,14
211,21500212,11,11,0.5,13,10,0.434782608696,13,10
212,21500213,5,14,0.263157894737,14,10,0.47619047619,11,8
213,21500214,11,16,0.407407407407,17,5,0.227272727273,17,12
214,21500215,13,11,0.541666666667,11,9,0.36,16,15
215,21500216,6,15,0.285714285714,13,6,0.315789473684,13,14
216,21500217,9,14,0.391304347826,14,10,0.454545454545,12,11
217,21500218,9,16,0.36,12,9,0.45,11,11
218,21500219,8,14,0.363636363636,10,11,0.458333333333,13,14
219,21500220,9,13,0.409090909091,9,10,0.5,10,12
220,21500221,13,13,0.5,9,16,0.761904761905,5,8
221,21500222,9,9,0.5,8,8,0.421052631579,11,15
222,21500223,10,9,0.526315789474,12,11,0.392857142857,17,14
223,21500224,10,13,0.434782608696,14,7,0.333333333333,14,13
224,21500225,13,9,0.590909090909,12,8,0.533333333333,7,8
225,21500226,12,9,0.571428571429,7,10,0.47619047619,11,12
226,21500227,5,13,0.277777777778,13,7,0.35,13,13
227,21500228,8,16,0.333333333333,12,10,0.5,10,14
228,21500229,10,14,0.416666666667,15,3,0.1875,13,7
229,21500230,8,10,0.444444444444,9,7,0.411764705882,10,11
230,21500231,13,14,0.481481481481,13,7,0.368421052632,12,11
231,21500232,13,8,0.619047619048,10,7,0.388888888889,11,7
232,21500233,11,7,0.611111111111,10,9,0.45,11,7
233,21500234,8,9,0.470588235294,16,8,0.380952380952,13,7
234,21500235,6,13,0.315789473684,10,6,0.315789473684,13,12
235,21500236,10,10,0.5,7,12,0.666666666667,6,10
236,21500237,9,14,0.391304347826,9,11,0.578947368421,8,13
237,21500238,12,15,0.444444444444,13,8,0.380952380952,13,13
238,21500239,8,16,0.333333333333,11,5,0.294117647059,12,15
239,21500240,7,15,0.318181818182,11,11,0.44,14,13
240,21500241,7,12,0.368421052632,5,11,0.578947368421,8,14
241,21500242,7,13,0.35,11,8,0.421052631579,11,11
242,21500243,9,16,0.36,16,4,0.25,12,9
243,21500244,12,8,0.6,11,10,0.434782608696,13,6
244,21500245,8,8,0.5,9,11,0.44,14,11
245,21500246,7,10,0.411764705882,8,11,0.52380952381,10,9
246,21500247,8,7,0.533333333333,13,7,0.28,18,12
247,21500248,5,12,0.294117647059,12,6,0.25,18,15
248,21500249,10,14,0.416666666667,14,9,0.428571428571,12,10
249,21500250,4,14,0.222222222222,14,8,0.307692307692,18,17
250,21500251,7,10,0.411764705882,15,4,0.210526315789,15,9
251,21500252,9,8,0.529411764706,12,9,0.391304347826,14,12
252,21500253,2,18,0.1,12,11,0.478260869565,12,13
253,21500254,11,11,0.5,10,9,0.409090909091,13,13
254,21500255,9,12,0.428571428571,9,14,0.636363636364,8,10
255,21500256,11,10,0.52380952381,16,7,0.35,13,8
256,21500257,7,13,0.35,11,11,0.44,14,14
257,21500258,10,8,0.555555555556,5,8,0.470588235294,9,11
258,21500259,6,11,0.352941176471,9,9,0.409090909091,13,12
259,21500260,10,14,0.416666666667,10,10,0.588235294118,7,10
260,21500261,11,11,0.5,15,6,0.315789473684,13,6
261,21500262,9,13,0.409090909091,13,11,0.5,11,7
262,21500263,10,12,0.454545454545,10,12,0.5,12,11
263,21500264,11,10,0.52380952381,14,9,0.45,11,6
264,21500265,4,16,0.2,16,7,0.388888888889,11,13
265,21500266,14,7,0.666666666667,7,9,0.45,11,7
266,21500267,6,16,0.272727272727,10,8,0.444444444444,10,14
267,21500268,7,17,0.291666666667,11,12,0.5,12,16
268,21500269,10,10,0.5,8,14,0.518518518519,13,12
269,21500270,7,9,0.4375,16,5,0.25,15,9
270,21500271,11,11,0.5,14,7,0.318181818182,15,7
271,21500272,7,15,0.318181818182,14,7,0.35,13,11
272,21500273,11,15,0.423076923077,14,10,0.416666666667,14,12
273,21500274,7,15,0.318181818182,8,12,0.571428571429,9,15
274,21500275,9,11,0.45,12,5,0.277777777778,13,9
275,21500276,11,10,0.52380952381,9,10,0.47619047619,11,8
276,21500277,8,7,0.533333333333,7,7,0.466666666667,8,10
277,21500278,10,15,0.4,10,14,0.538461538462,12,13
278,21500279,10,8,0.555555555556,11,12,0.48,13,9
279,21500280,7,9,0.4375,9,8,0.347826086957,15,13
280,21500281,12,12,0.5,11,13,0.590909090909,9,10
281,21500282,7,16,0.304347826087,15,10,0.47619047619,11,11
282,21500283,13,9,0.590909090909,16,9,0.409090909091,13,7
283,21500284,7,17,0.291666666667,12,11,0.578947368421,8,11
284,21500285,8,14,0.363636363636,16,7,0.318181818182,15,14
285,21500286,10,15,0.4,14,7,0.304347826087,16,14
286,21500287,11,11,0.5,12,9,0.45,11,9
287,21500288,7,12,0.368421052632,8,9,0.529411764706,8,11
288,21500289,9,6,0.6,11,10,0.5,10,8
289,21500290,7,16,0.304347826087,12,12,0.545454545455,10,15
290,21500291,13,6,0.684210526316,8,10,0.47619047619,11,7
291,21500292,9,15,0.375,12,11,0.478260869565,12,12
292,21500293,10,12,0.454545454545,13,6,0.352941176471,11,9
293,21500294,11,9,0.55,10,9,0.473684210526,10,9
294,21500295,11,15,0.423076923077,14,7,0.411764705882,10,8
295,21500296,13,12,0.52,14,11,0.5,11,10
296,21500297,7,10,0.411764705882,15,5,0.25,15,7
297,21500298,8,12,0.4,12,11,0.5,11,13
298,21500299,8,12,0.4,14,7,0.28,18,13
299,21500300,4,15,0.210526315789,10,9,0.642857142857,5,11
300,21500301,9,15,0.375,13,5,0.3125,11,9
301,21500302,10,12,0.454545454545,8,8,0.5,8,10
302,21500303,11,11,0.5,12,11,0.52380952381,10,10
303,21500304,7,10,0.411764705882,9,5,0.3125,11,11
304,21500305,6,13,0.315789473684,9,12,0.6,8,12
305,21500306,7,8,0.466666666667,8,11,0.5,11,13
306,21500307,13,13,0.5,10,13,0.590909090909,9,11
307,21500308,9,13,0.409090909091,12,7,0.368421052632,12,12
308,21500309,12,11,0.521739130435,8,10,0.555555555556,8,11
309,21500310,12,10,0.545454545455,12,6,0.3,14,10
310,21500311,7,11,0.388888888889,10,11,0.478260869565,12,11
311,21500312,9,13,0.409090909091,11,7,0.411764705882,10,10
312,21500313,9,14,0.391304347826,8,15,0.625,9,13
313,21500314,9,14,0.391304347826,9,15,0.625,9,13
314,21500315,14,10,0.583333333333,14,9,0.409090909091,13,9
315,21500316,6,13,0.315789473684,7,7,0.411764705882,10,13
316,21500317,9,9,0.5,10,10,0.47619047619,11,9
317,21500318,13,7,0.65,10,8,0.363636363636,14,11
318,21500319,11,15,0.423076923077,11,11,0.5,11,11
319,21500320,12,13,0.48,9,7,0.333333333333,14,13
320,21500321,7,17,0.291666666667,11,12,0.6,8,13
321,21500322,10,15,0.4,12,14,0.538461538462,12,13
322,21500323,10,11,0.47619047619,10,9,0.5,9,8
323,21500324,9,13,0.409090909091,9,8,0.4,12,15
324,21500325,15,9,0.625,7,13,0.684210526316,6,9
325,21500326,8,10,0.444444444444,11,10,0.454545454545,12,7
326,21500327,10,14,0.416666666667,16,5,0.238095238095,16,12
327,21500328,8,12,0.4,9,11,0.458333333333,13,12
328,21500329,9,10,0.473684210526,16,5,0.227272727273,17,10
329,21500330,11,15,0.423076923077,12,11,0.407407407407,16,17
330,21500331,13,8,0.619047619048,11,11,0.611111111111,7,5
331,21500332,11,12,0.478260869565,12,5,0.263157894737,14,15
332,21500333,6,15,0.285714285714,11,9,0.428571428571,12,13
333,21500334,8,10,0.444444444444,10,9,0.473684210526,10,8
334,21500335,4,10,0.285714285714,5,14,0.56,11,11
335,21500336,10,10,0.5,14,8,0.307692307692,18,13
336,21500337,10,9,0.526315789474,13,8,0.347826086957,15,10
337,21500338,10,3,0.769230769231,8,11,0.52380952381,10,3
338,21500339,14,13,0.518518518519,15,11,0.478260869565,12,7
339,21500340,5,11,0.3125,9,10,0.5,10,13
340,21500341,5,15,0.25,10,9,0.409090909091,13,16
341,21500342,14,13,0.518518518519,16,12,0.48,13,9
342,21500343,12,15,0.444444444444,9,14,0.56,11,14
343,21500344,10,12,0.454545454545,10,13,0.541666666667,11,12
344,21500345,7,14,0.333333333333,14,7,0.259259259259,20,13
345,21500346,11,12,0.478260869565,8,14,0.636363636364,8,9
346,21500347,5,14,0.263157894737,9,9,0.409090909091,13,15
347,21500348,7,13,0.35,12,14,0.56,11,12
348,21500349,12,13,0.48,12,9,0.5,9,10
349,21500350,10,14,0.416666666667,9,11,0.611111111111,7,11
350,21500351,13,13,0.5,14,9,0.36,16,12
351,21500352,11,11,0.5,13,9,0.5,9,5
352,21500353,6,10,0.375,10,6,0.375,10,9
353,21500354,10,13,0.434782608696,9,13,0.541666666667,11,12
354,21500355,9,6,0.6,9,9,0.428571428571,12,9
355,21500356,7,11,0.388888888889,6,13,0.464285714286,15,14
356,21500357,13,13,0.5,13,8,0.4,12,10
357,21500358,10,12,0.454545454545,10,10,0.625,6,10
358,21500359,9,12,0.428571428571,13,12,0.461538461538,14,9
359,21500360,7,15,0.318181818182,8,9,0.409090909091,13,16
360,21500361,9,10,0.473684210526,13,7,0.304347826087,16,11
361,21500362,10,11,0.47619047619,11,9,0.391304347826,14,13
362,21500363,7,10,0.411764705882,12,9,0.391304347826,14,11
363,21500364,12,8,0.6,15,6,0.315789473684,13,5
364,21500365,15,7,0.681818181818,14,9,0.409090909091,13,4
365,21500366,8,12,0.4,10,13,0.684210526316,6,10
366,21500367,11,16,0.407407407407,10,9,0.428571428571,12,12
367,21500368,8,10,0.444444444444,9,9,0.473684210526,10,13
368,21500369,10,7,0.588235294118,8,9,0.409090909091,13,10
369,21500370,11,15,0.423076923077,14,11,0.458333333333,13,10
370,21500371,6,17,0.260869565217,10,6,0.315789473684,13,15
371,21500372,11,11,0.5,8,8,0.421052631579,11,13
372,21500373,14,13,0.518518518519,10,11,0.458333333333,13,13
373,21500374,8,12,0.4,8,10,0.434782608696,13,17
374,21500375,11,9,0.55,8,11,0.407407407407,16,15
375,21500376,9,8,0.529411764706,8,8,0.347826086957,15,11
376,21500377,12,7,0.631578947368,11,12,0.545454545455,10,8
377,21500378,11,9,0.55,11,8,0.444444444444,10,7
378,21500379,11,10,0.52380952381,9,11,0.578947368421,8,9
379,21500380,8,8,0.5,10,8,0.421052631579,11,8
380,21500381,9,14,0.391304347826,13,12,0.48,13,12
381,21500382,10,7,0.588235294118,10,10,0.384615384615,16,10
382,21500383,11,12,0.478260869565,13,7,0.318181818182,15,11
383,21500384,9,13,0.409090909091,10,9,0.5,9,8
384,21500385,8,15,0.347826086957,9,9,0.428571428571,12,17
385,21500386,8,12,0.4,15,7,0.28,18,15
386,21500387,12,12,0.5,9,9,0.5625,7,9
387,21500388,8,10,0.444444444444,8,10,0.555555555556,8,11
388,21500389,11,8,0.578947368421,12,8,0.363636363636,14,8
389,21500390,9,8,0.529411764706,10,9,0.409090909091,13,8
390,21500391,10,10,0.5,9,12,0.48,13,13
391,21500392,12,11,0.521739130435,11,11,0.5,11,9
392,21500393,11,13,0.458333333333,10,11,0.55,9,11
393,21500394,7,12,0.368421052632,12,7,0.4375,9,10
394,21500395,9,9,0.5,12,8,0.380952380952,13,10
395,21500396,12,12,0.5,16,6,0.285714285714,15,10
396,21500397,12,9,0.571428571429,9,11,0.578947368421,8,8
397,21500398,11,8,0.578947368421,14,7,0.368421052632,12,4
398,21500399,11,11,0.5,10,10,0.454545454545,12,13
399,21500400,11,13,0.458333333333,15,8,0.347826086957,15,12
400,21500401,11,8,0.578947368421,14,4,0.266666666667,11,2
401,21500402,9,12,0.428571428571,15,7,0.28,18,15
402,21500403,6,14,0.3,10,10,0.47619047619,11,13
403,21500404,8,9,0.470588235294,5,10,0.5,10,16
404,21500405,9,9,0.5,10,9,0.428571428571,12,10
405,21500406,10,8,0.555555555556,10,12,0.571428571429,9,7
406,21500407,12,8,0.6,5,11,0.611111111111,7,8
407,21500408,6,13,0.315789473684,8,15,0.652173913043,8,11
408,21500409,7,10,0.411764705882,8,13,0.65,7,9
409,21500410,10,8,0.555555555556,5,10,0.384615384615,16,13
410,21500411,10,9,0.526315789474,11,6,0.333333333333,12,9
411,21500412,12,13,0.48,13,13,0.52,12,8
412,21500413,8,10,0.444444444444,8,6,0.333333333333,12,14
413,21500414,9,12,0.428571428571,10,12,0.5,12,11
414,21500415,8,10,0.444444444444,9,7,0.368421052632,12,8
415,21500416,9,13,0.409090909091,13,9,0.391304347826,14,15
416,21500417,14,8,0.636363636364,14,9,0.36,16,9
417,21500418,11,13,0.458333333333,15,9,0.428571428571,12,10
418,21500419,9,9,0.5,8,13,0.565217391304,10,8
419,21500420,15,12,0.555555555556,15,8,0.470588235294,9,4
420,21500421,11,8,0.578947368421,15,6,0.25,18,8
421,21500422,8,7,0.533333333333,8,10,0.434782608696,13,9
422,21500423,8,11,0.421052631579,6,10,0.588235294118,7,9
423,21500424,12,11,0.521739130435,12,11,0.478260869565,12,7
424,21500425,9,13,0.409090909091,8,14,0.583333333333,10,12
425,21500426,11,9,0.55,8,13,0.619047619048,8,10
426,21500427,10,15,0.4,18,9,0.375,15,9
427,21500428,10,10,0.5,7,12,0.705882352941,5,7
428,21500429,8,11,0.421052631579,8,8,0.380952380952,13,13
429,21500430,15,6,0.714285714286,7,8,0.421052631579,11,10
430,21500431,7,12,0.368421052632,7,11,0.478260869565,12,12
431,21500432,8,14,0.363636363636,11,11,0.5,11,14
432,21500433,10,14,0.416666666667,9,15,0.535714285714,13,15
433,21500434,8,11,0.421052631579,13,5,0.227272727273,17,10
434,21500435,6,15,0.285714285714,9,11,0.52380952381,10,14
435,21500436,8,15,0.347826086957,17,7,0.333333333333,14,10
436,21500437,6,15,0.285714285714,11,8,0.5,8,10
437,21500438,9,9,0.5,15,6,0.260869565217,17,10
438,21500439,11,14,0.44,14,10,0.5,10,8
439,21500440,8,8,0.5,8,14,0.608695652174,9,9
440,21500441,5,16,0.238095238095,12,6,0.333333333333,12,16
441,21500442,11,13,0.458333333333,6,15,0.652173913043,8,13
442,21500443,11,5,0.6875,7,11,0.5,11,11
443,21500444,11,11,0.5,13,7,0.304347826087,16,11
444,21500445,10,4,0.714285714286,7,12,0.571428571429,9,6
445,21500446,7,12,0.368421052632,13,11,0.5,11,8
446,21500447,11,14,0.44,14,12,0.571428571429,9,10
447,21500448,10,11,0.47619047619,11,9,0.473684210526,10,9
448,21500449,11,10,0.52380952381,9,12,0.521739130435,11,11
449,21500450,9,15,0.375,13,9,0.45,11,10
450,21500451,4,11,0.266666666667,6,7,0.5,7,12
451,21500452,11,12,0.478260869565,11,11,0.458333333333,13,12
452,21500453,12,13,0.48,12,5,0.263157894737,14,13
453,21500454,7,11,0.388888888889,12,6,0.260869565217,17,12
454,21500455,13,10,0.565217391304,12,7,0.35,13,10
455,21500456,13,8,0.619047619048,11,13,0.5,13,10
456,21500457,14,7,0.666666666667,14,12,0.4,18,11
457,21500458,13,13,0.5,10,11,0.52380952381,10,10
458,21500459,8,13,0.380952380952,9,10,0.526315789474,9,10
459,21500460,12,12,0.5,7,12,0.521739130435,11,14
460,21500461,6,17,0.260869565217,10,11,0.611111111111,7,12
461,21500462,9,9,0.5,9,7,0.368421052632,12,11
462,21500463,11,12,0.478260869565,11,13,0.541666666667,11,14
463,21500464,13,10,0.565217391304,9,7,0.411764705882,10,10
464,21500465,12,9,0.571428571429,10,11,0.458333333333,13,8
465,21500466,13,11,0.541666666667,11,12,0.6,8,8
466,21500467,9,8,0.529411764706,10,10,0.555555555556,8,2
467,21500468,7,7,0.5,15,5,0.277777777778,13,9
468,21500469,10,14,0.416666666667,11,11,0.44,14,10
469,21500470,15,7,0.681818181818,13,9,0.45,11,6
470,21500471,12,13,0.48,11,12,0.631578947368,7,8
471,21500472,9,12,0.428571428571,10,11,0.52380952381,10,13
472,21500473,10,11,0.47619047619,11,11,0.407407407407,16,13
473,21500474,5,15,0.25,8,11,0.5,11,17
474,21500475,9,12,0.428571428571,13,8,0.380952380952,13,8
475,21500476,7,10,0.411764705882,10,6,0.3,14,13
476,21500477,11,13,0.458333333333,13,10,0.555555555556,8,6
477,21500478,5,13,0.277777777778,11,10,0.4,15,13
478,21500479,8,11,0.421052631579,14,5,0.263157894737,14,12
479,21500480,10,11,0.47619047619,13,8,0.380952380952,13,11
480,21500481,12,9,0.571428571429,11,6,0.352941176471,11,10
481,21500482,10,14,0.416666666667,11,11,0.458333333333,13,12
482,21500483,10,7,0.588235294118,12,10,0.434782608696,13,11
483,21500484,7,10,0.411764705882,7,11,0.647058823529,6,8
484,21500485,8,12,0.4,9,14,0.666666666667,7,8
485,21500486,5,13,0.277777777778,13,9,0.473684210526,10,9
486,21500487,9,12,0.428571428571,14,6,0.272727272727,16,11
487,21500488,12,9,0.571428571429,7,13,0.541666666667,11,10
488,21500489,12,14,0.461538461538,10,10,0.526315789474,9,11
489,21500490,11,14,0.44,13,8,0.363636363636,14,12
490,21500491,9,12,0.428571428571,15,5,0.208333333333,19,14
491,21500492,10,11,0.47619047619,11,8,0.363636363636,14,12
492,21500493,11,11,0.5,14,8,0.363636363636,14,10
493,21500494,7,14,0.333333333333,11,5,0.3125,11,13
494,21500495,11,10,0.52380952381,12,12,0.5,12,9
495,21500496,10,10,0.5,12,6,0.315789473684,13,8
496,21500497,9,16,0.36,4,14,0.666666666667,7,15
497,21500498,8,9,0.470588235294,13,9,0.321428571429,19,15
498,21500499,10,11,0.47619047619,14,6,0.333333333333,12,9
499,21500500,10,11,0.47619047619,14,1,0.0833333333333,11,7
500,21500501,7,9,0.4375,10,11,0.52380952381,10,10
501,21500502,11,9,0.55,11,10,0.5,10,8
502,21500503,11,9,0.55,11,8,0.470588235294,9,7
503,21500504,11,6,0.647058823529,12,4,0.2,16,12
504,21500505,7,8,0.466666666667,10,12,0.5,12,11
505,21500506,9,12,0.428571428571,14,8,0.421052631579,11,4
506,21500507,12,15,0.444444444444,12,10,0.454545454545,12,15
507,21500508,8,15,0.347826086957,15,9,0.428571428571,12,12
508,21500509,6,15,0.285714285714,11,9,0.6,6,9
509,21500510,8,13,0.380952380952,16,4,0.2,16,11
510,21500511,14,9,0.608695652174,8,13,0.619047619048,8,5
511,21500512,13,9,0.590909090909,7,10,0.666666666667,5,3
512,21500513,9,10,0.473684210526,10,15,0.555555555556,12,10
513,21500514,12,10,0.545454545455,11,11,0.52380952381,10,6
514,21500515,6,14,0.3,12,8,0.4,12,10
515,21500516,13,6,0.684210526316,7,13,0.464285714286,15,13
516,21500517,11,10,0.52380952381,8,9,0.409090909091,13,13
517,21500518,7,11,0.388888888889,8,11,0.578947368421,8,9
518,21500519,5,13,0.277777777778,17,7,0.28,18,11
519,21500520,10,11,0.47619047619,9,9,0.409090909091,13,12
520,21500521,7,10,0.411764705882,9,10,0.5,10,11
521,21500522,15,9,0.625,14,11,0.44,14,6
522,21500523,7,10,0.411764705882,14,10,0.454545454545,12,9
523,21500524,6,14,0.3,11,13,0.52,12,12
524,21500525,8,11,0.421052631579,11,9,0.428571428571,12,9
525,21500526,8,13,0.380952380952,11,9,0.428571428571,12,12
526,21500527,7,10,0.411764705882,11,7,0.333333333333,14,14
527,21500528,14,11,0.56,12,8,0.444444444444,10,8
528,21500529,8,16,0.333333333333,8,9,0.428571428571,12,16
529,21500530,9,9,0.5,9,7,0.35,13,10
530,21500531,9,14,0.391304347826,13,9,0.428571428571,12,13
531,21500532,14,6,0.7,9,10,0.454545454545,12,7
532,21500533,13,9,0.590909090909,10,12,0.5,12,10
533,21500534,9,12,0.428571428571,13,6,0.285714285714,15,9
534,21500535,6,15,0.285714285714,14,12,0.571428571429,9,11
535,21500536,10,9,0.526315789474,10,5,0.25,15,12
536,21500537,9,13,0.409090909091,15,11,0.44,14,11
537,21500538,8,7,0.533333333333,5,8,0.5,8,9
538,21500539,15,10,0.6,14,8,0.444444444444,10,8
539,21500540,10,9,0.526315789474,11,5,0.25,15,10
540,21500541,7,12,0.368421052632,10,10,0.454545454545,12,13
541,21500542,8,12,0.4,4,10,0.454545454545,12,17
542,21500543,11,12,0.478260869565,8,12,0.631578947368,7,11
543,21500544,10,9,0.526315789474,12,5,0.277777777778,13,7
544,21500545,10,11,0.47619047619,10,4,0.235294117647,13,12
545,21500546,8,15,0.347826086957,16,9,0.45,11,10
546,21500547,9,15,0.375,13,6,0.333333333333,12,12
547,21500548,8,16,0.333333333333,9,13,0.65,7,13
548,21500549,11,9,0.55,5,15,0.6,10,14
549,21500550,11,11,0.5,16,7,0.291666666667,17,11
550,21500551,13,11,0.541666666667,11,7,0.368421052632,12,12
551,21500552,6,15,0.285714285714,9,11,0.55,9,10
552,21500553,14,11,0.56,9,9,0.473684210526,10,10
553,21500554,11,14,0.44,12,11,0.478260869565,12,11
554,21500555,12,10,0.545454545455,10,13,0.590909090909,9,5
555,21500556,12,15,0.444444444444,10,9,0.45,11,10
556,21500557,9,9,0.5,8,6,0.375,10,11
557,21500558,7,10,0.411764705882,11,9,0.45,11,11
558,21500559,8,10,0.444444444444,11,8,0.4,12,10
559,21500560,6,15,0.285714285714,9,13,0.565217391304,10,12
560,21500561,13,11,0.541666666667,11,8,0.4,12,10
561,21500562,8,13,0.380952380952,9,9,0.5,9,12
562,21500563,12,8,0.6,9,10,0.47619047619,11,6
563,21500564,8,14,0.363636363636,9,10,0.47619047619,11,12
564,21500565,6,19,0.24,15,6,0.352941176471,11,13
565,21500566,9,11,0.45,11,13,0.481481481481,14,11
566,21500567,8,10,0.444444444444,12,11,0.458333333333,13,7
567,21500568,10,13,0.434782608696,13,9,0.391304347826,14,13
568,21500569,8,10,0.444444444444,12,7,0.318181818182,15,11
569,21500570,8,14,0.363636363636,11,8,0.4,12,14
570,21500571,14,8,0.636363636364,10,10,0.47619047619,11,9
571,21500572,11,8,0.578947368421,3,8,0.444444444444,10,11
572,21500573,8,16,0.333333333333,8,11,0.55,9,15
573,21500574,8,13,0.380952380952,13,12,0.521739130435,11,11
574,21500575,12,9,0.571428571429,12,8,0.296296296296,19,13
575,21500576,7,16,0.304347826087,9,10,0.416666666667,14,17
576,21500577,6,10,0.375,10,6,0.333333333333,12,9
577,21500578,14,11,0.56,9,8,0.5,8,9
578,21500579,13,12,0.52,11,7,0.333333333333,14,13
579,21500580,13,13,0.5,13,9,0.409090909091,13,8
580,21500581,6,8,0.428571428571,6,8,0.421052631579,11,11
581,21500582,12,9,0.571428571429,17,9,0.391304347826,14,7
582,21500583,9,13,0.409090909091,14,7,0.411764705882,10,8
583,21500584,6,17,0.260869565217,14,9,0.45,11,11
584,21500585,9,12,0.428571428571,14,10,0.37037037037,17,14
585,21500586,7,16,0.304347826087,10,8,0.444444444444,10,16
586,21500587,12,8,0.6,7,8,0.4,12,11
587,21500588,7,11,0.388888888889,10,8,0.4,12,12
588,21500589,7,13,0.35,8,8,0.347826086957,15,15
589,21500590,7,13,0.35,8,13,0.590909090909,9,13
590,21500591,4,18,0.181818181818,9,8,0.533333333333,7,14
591,21500592,9,15,0.375,13,8,0.333333333333,16,16
592,21500593,9,5,0.642857142857,9,9,0.346153846154,17,11
593,21500594,14,11,0.56,15,7,0.291666666667,17,11
594,21500595,10,10,0.5,11,9,0.428571428571,12,8
595,21500596,11,15,0.423076923077,14,9,0.391304347826,14,12
596,21500597,8,15,0.347826086957,13,5,0.277777777778,13,13
597,21500598,12,15,0.444444444444,10,14,0.56,11,12
598,21500599,10,11,0.47619047619,11,9,0.45,11,10
599,21500600,13,6,0.684210526316,10,11,0.44,14,7
600,21500601,7,15,0.318181818182,11,6,0.375,10,10
601,21500602,10,9,0.526315789474,12,8,0.421052631579,11,6
602,21500603,10,17,0.37037037037,13,10,0.526315789474,9,10
603,21500604,10,13,0.434782608696,11,7,0.466666666667,8,8
604,21500605,12,14,0.461538461538,11,11,0.52380952381,10,11
605,21500606,10,6,0.625,12,7,0.333333333333,14,7
606,21500607,8,9,0.470588235294,8,9,0.5,9,12
607,21500608,10,7,0.588235294118,9,5,0.25,15,10
608,21500609,10,11,0.47619047619,9,9,0.473684210526,10,12
609,21500610,10,7,0.588235294118,13,8,0.421052631579,11,6
610,21500611,8,12,0.4,12,7,0.368421052632,12,9
611,21500612,3,15,0.166666666667,13,6,0.285714285714,15,15
612,21500613,10,11,0.47619047619,10,12,0.705882352941,5,6
613,21500614,14,8,0.636363636364,10,18,0.620689655172,11,9
614,21500615,12,12,0.5,11,15,0.576923076923,11,11
615,21500616,11,11,0.5,13,10,0.434782608696,13,10
616,21500617,7,13,0.35,8,12,0.571428571429,9,15
617,21500618,11,12,0.478260869565,7,9,0.5625,7,9
618,21500619,16,8,0.666666666667,14,12,0.461538461538,14,8
619,21500620,11,7,0.611111111111,11,7,0.304347826087,16,10
620,21500621,7,12,0.368421052632,9,11,0.5,11,14
621,21500622,10,12,0.454545454545,11,14,0.608695652174,9,8
622,21500623,10,11,0.47619047619,13,7,0.318181818182,15,11
623,21500624,10,12,0.454545454545,12,7,0.333333333333,14,14
624,21500625,7,16,0.304347826087,14,7,0.333333333333,14,12
625,21500626,12,11,0.521739130435,6,13,0.722222222222,5,9
626,21500627,10,14,0.416666666667,14,9,0.473684210526,10,11
627,21500628,6,12,0.333333333333,9,9,0.45,11,12
628,21500629,9,14,0.391304347826,13,8,0.470588235294,9,12
629,21500630,11,8,0.578947368421,8,10,0.625,6,5
630,21500631,9,15,0.375,10,13,0.541666666667,11,15
631,21500632,10,13,0.434782608696,10,9,0.346153846154,17,16
632,21500633,15,9,0.625,12,12,0.461538461538,14,9
633,21500634,5,14,0.263157894737,11,15,0.6,10,15
634,21500635,8,11,0.421052631579,10,9,0.409090909091,13,10
635,21500636,10,9,0.526315789474,12,9,0.45,11,5
636,21500637,10,14,0.416666666667,8,12,0.666666666667,6,13
637,21500638,8,15,0.347826086957,9,10,0.526315789474,9,16
638,21500639,8,12,0.4,11,9,0.529411764706,8,9
639,21500640,12,10,0.545454545455,10,13,0.590909090909,9,10
640,21500641,14,10,0.583333333333,12,11,0.44,14,11
641,21500642,9,13,0.409090909091,7,10,0.769230769231,3,8
642,21500643,11,15,0.423076923077,16,9,0.473684210526,10,6
643,21500644,9,11,0.45,14,8,0.32,17,13
644,21500645,13,9,0.590909090909,11,11,0.478260869565,12,6
645,21500646,12,13,0.48,12,6,0.3,14,13
646,21500647,9,14,0.391304347826,8,9,0.473684210526,10,15
647,21500648,9,16,0.36,11,14,0.608695652174,9,11
648,21500649,12,10,0.545454545455,11,9,0.391304347826,14,12
649,21500650,9,13,0.409090909091,11,11,0.52380952381,10,10
650,21500651,9,12,0.428571428571,7,13,0.52,12,11
651,21500652,13,9,0.590909090909,14,7,0.304347826087,16,8
652,21500653,8,12,0.4,11,11,0.458333333333,13,14
653,21500654,9,9,0.5,8,6,0.333333333333,12,12
654,21500655,6,18,0.25,13,7,0.466666666667,8,12
655,21500656,9,11,0.45,12,11,0.423076923077,15,12
656,21500657,8,15,0.347826086957,11,7,0.466666666667,8,11
657,21500658,9,11,0.45,7,10,0.588235294118,7,11
658,21500659,5,18,0.217391304348,13,6,0.285714285714,15,15
659,21500660,10,13,0.434782608696,13,10,0.416666666667,14,12
660,21500661,5,12,0.294117647059,4,15,0.652173913043,8,12
661,21500662,16,11,0.592592592593,11,7,0.4375,9,9
662,21500663,11,10,0.52380952381,11,8,0.421052631579,11,8
663,21500664,12,14,0.461538461538,11,13,0.590909090909,9,8
664,21500665,12,11,0.521739130435,10,11,0.55,9,7
665,21500666,7,13,0.35,6,12,0.545454545455,10,11
666,21500667,14,5,0.736842105263,10,10,0.434782608696,13,7
667,21500668,7,14,0.333333333333,13,8,0.380952380952,13,12
668,21500669,10,12,0.454545454545,14,8,0.333333333333,16,13
669,21500670,12,12,0.5,6,14,0.608695652174,9,11
670,21500671,12,13,0.48,14,11,0.578947368421,8,8
671,21500672,12,10,0.545454545455,9,10,0.588235294118,7,7
672,21500673,5,17,0.227272727273,12,9,0.5,9,15
673,21500674,12,7,0.631578947368,19,4,0.166666666667,20,7
674,21500675,10,10,0.5,10,6,0.352941176471,11,10
675,21500676,10,10,0.5,11,10,0.47619047619,11,7
676,21500677,11,10,0.52380952381,11,11,0.5,11,8
677,21500678,13,10,0.565217391304,11,11,0.458333333333,13,12
678,21500679,11,9,0.55,6,9,0.391304347826,14,17
679,21500680,7,11,0.388888888889,12,8,0.421052631579,11,8
680,21500681,9,10,0.473684210526,9,11,0.458333333333,13,12
681,21500682,12,11,0.521739130435,14,10,0.434782608696,13,7
682,21500683,9,11,0.45,12,11,0.55,9,9
683,21500684,9,11,0.45,9,9,0.473684210526,10,11
684,21500685,11,14,0.44,15,7,0.35,13,11
685,21500686,5,15,0.25,14,9,0.409090909091,13,10
686,21500687,10,13,0.434782608696,15,8,0.307692307692,18,16
687,21500688,11,13,0.458333333333,11,9,0.473684210526,10,12
688,21500689,10,8,0.555555555556,6,9,0.5625,7,8
689,21500690,7,14,0.333333333333,11,7,0.388888888889,11,11
690,21500691,11,9,0.55,13,8,0.380952380952,13,9
691,21500692,8,12,0.4,11,10,0.454545454545,12,9
692,21500693,9,12,0.428571428571,12,7,0.411764705882,10,11
693,21500694,13,13,0.5,10,10,0.4,15,12
694,21500695,9,8,0.529411764706,7,9,0.45,11,10
695,21500696,14,12,0.538461538462,15,9,0.391304347826,14,6
696,21500697,5,13,0.277777777778,6,14,0.538461538462,12,14
697,21500698,11,12,0.478260869565,10,8,0.333333333333,16,15
698,21500699,11,13,0.458333333333,8,11,0.52380952381,10,13
699,21500700,9,11,0.45,11,3,0.1875,13,12
700,21500701,8,13,0.380952380952,11,9,0.391304347826,14,13
701,21500702,12,14,0.461538461538,15,7,0.333333333333,14,11
702,21500703,10,13,0.434782608696,12,14,0.666666666667,7,7
703,21500704,12,7,0.631578947368,8,12,0.5,12,9
704,21500705,10,15,0.4,15,10,0.434782608696,13,9
705,21500706,10,6,0.625,7,10,0.555555555556,8,7
706,21500707,11,15,0.423076923077,11,13,0.590909090909,9,15
707,21500708,8,11,0.421052631579,12,7,0.368421052632,12,11
708,21500709,14,13,0.518518518519,13,10,0.47619047619,11,8
709,21500710,7,15,0.318181818182,14,11,0.423076923077,15,14
710,21500711,11,10,0.52380952381,9,12,0.444444444444,15,12
711,21500712,13,8,0.619047619048,7,8,0.380952380952,13,9
712,21500713,10,12,0.454545454545,10,13,0.565217391304,10,9
713,21500714,8,16,0.333333333333,15,10,0.434782608696,13,11
714,21500715,10,10,0.5,17,5,0.25,15,7
715,21500716,10,11,0.47619047619,11,12,0.48,13,12
716,21500717,8,11,0.421052631579,10,8,0.363636363636,14,13
717,21500718,5,15,0.25,13,7,0.4375,9,13
718,21500719,5,9,0.357142857143,7,6,0.375,10,11
719,21500720,5,16,0.238095238095,12,7,0.28,18,15
720,21500721,12,15,0.444444444444,8,14,0.666666666667,7,10
721,21500722,11,11,0.5,11,11,0.423076923077,15,14
722,21500723,8,8,0.5,16,3,0.166666666667,15,9
723,21500724,12,12,0.5,11,10,0.588235294118,7,8
724,21500725,17,10,0.62962962963,13,13,0.52,12,5
725,21500726,10,9,0.526315789474,12,11,0.407407407407,16,12
726,21500727,12,13,0.48,12,9,0.45,11,11
727,21500728,11,9,0.55,13,9,0.45,11,7
728,21500729,9,11,0.45,14,10,0.5,10,7
729,21500730,7,11,0.388888888889,16,6,0.315789473684,13,8
730,21500731,13,11,0.541666666667,3,14,0.636363636364,8,12
731,21500732,11,8,0.578947368421,9,9,0.473684210526,10,6
732,21500733,11,10,0.52380952381,14,6,0.285714285714,15,13
733,21500734,10,9,0.526315789474,9,14,0.666666666667,7,7
734,21500735,9,14,0.391304347826,18,11,0.44,14,7
735,21500736,4,12,0.25,12,10,0.526315789474,9,10
736,21500737,11,14,0.44,14,6,0.315789473684,13,11
737,21500738,8,12,0.4,12,11,0.458333333333,13,12
738,21500739,10,14,0.416666666667,8,14,0.583333333333,10,14
739,21500740,15,7,0.681818181818,12,15,0.51724137931,14,8
740,21500741,8,13,0.380952380952,11,7,0.333333333333,14,14
741,21500742,11,10,0.52380952381,11,13,0.5,13,11
742,21500743,12,11,0.521739130435,11,11,0.52380952381,10,8
743,21500744,12,13,0.48,8,12,0.571428571429,9,12
744,21500745,11,8,0.578947368421,11,12,0.5,12,10
745,21500746,10,10,0.5,12,6,0.3,14,12
746,21500747,9,10,0.473684210526,9,11,0.52380952381,10,13
747,21500748,7,10,0.411764705882,8,11,0.5,11,15
748,21500749,7,12,0.368421052632,13,4,0.235294117647,13,12
749,21500750,13,13,0.5,5,13,0.684210526316,6,9
750,21500751,11,10,0.52380952381,11,11,0.478260869565,12,9
751,21500752,5,18,0.217391304348,10,6,0.5,6,15
752,21500753,12,9,0.571428571429,17,6,0.272727272727,16,9
753,21500754,12,9,0.571428571429,14,12,0.5,12,7
754,21500755,10,8,0.555555555556,8,5,0.333333333333,10,8
755,21500756,7,14,0.333333333333,11,7,0.4375,9,11
756,21500757,8,10,0.444444444444,13,11,0.578947368421,8,6
757,21500758,5,10,0.333333333333,14,7,0.291666666667,17,12
758,21500759,4,11,0.266666666667,10,10,0.47619047619,11,14
759,21500760,9,11,0.45,8,11,0.52380952381,10,11
760,21500761,12,13,0.48,10,12,0.545454545455,10,11
761,21500762,17,7,0.708333333333,8,9,0.45,11,8
762,21500763,12,12,0.5,11,8,0.363636363636,14,10
763,21500764,9,11,0.45,9,5,0.3125,11,11
764,21500765,12,7,0.631578947368,10,7,0.4375,9,7
765,21500766,11,11,0.5,11,12,0.461538461538,14,9
766,21500767,9,9,0.5,13,8,0.347826086957,15,11
767,21500768,5,17,0.227272727273,11,12,0.571428571429,9,14
768,21500769,8,14,0.363636363636,8,12,0.545454545455,10,13
769,21500770,7,15,0.318181818182,10,9,0.409090909091,13,16
770,21500771,12,12,0.5,11,8,0.4,12,10
771,21500772,7,14,0.333333333333,18,4,0.210526315789,15,9
772,21500773,13,12,0.52,12,9,0.529411764706,8,8
773,21500774,14,10,0.583333333333,14,9,0.409090909091,13,9
774,21500775,8,12,0.4,12,8,0.444444444444,10,10
775,21500776,8,11,0.421052631579,11,7,0.368421052632,12,11
776,21500777,10,12,0.454545454545,13,8,0.347826086957,15,10
777,21500778,16,10,0.615384615385,11,9,0.391304347826,14,9
778,21500779,9,10,0.473684210526,11,7,0.35,13,12
779,21500780,13,10,0.565217391304,12,8,0.380952380952,13,8
780,21500781,11,11,0.5,10,9,0.5,9,7
781,21500782,8,11,0.421052631579,11,12,0.461538461538,14,14
782,21500783,4,9,0.307692307692,9,12,0.521739130435,11,12
783,21500784,6,9,0.4,13,5,0.217391304348,18,13
784,21500785,7,12,0.368421052632,9,13,0.65,7,12
785,21500786,11,15,0.423076923077,10,11,0.611111111111,7,10
786,21500787,6,6,0.5,9,8,0.4,12,9
787,21500788,15,8,0.652173913043,11,9,0.45,11,7
788,21500789,8,15,0.347826086957,13,9,0.45,11,12
789,21500790,9,12,0.428571428571,12,11,0.55,9,6
790,21500791,12,15,0.444444444444,14,8,0.4,12,12
791,21500792,12,10,0.545454545455,5,14,0.636363636364,8,10
792,21500793,13,9,0.590909090909,10,12,0.48,13,8
793,21500794,9,14,0.391304347826,15,7,0.35,13,11
794,21500795,15,12,0.555555555556,14,7,0.333333333333,14,10
795,21500796,12,8,0.6,12,12,0.444444444444,15,10
796,21500797,6,10,0.375,5,9,0.473684210526,10,15
797,21500798,8,13,0.380952380952,12,9,0.473684210526,10,12
798,21500799,10,10,0.5,12,9,0.45,11,11
799,21500800,12,9,0.571428571429,8,10,0.5,10,8
800,21500801,6,16,0.272727272727,12,12,0.6,8,10
801,21500802,13,11,0.541666666667,13,12,0.5,12,8
802,21500803,12,13,0.48,17,8,0.32,17,9
803,21500804,8,10,0.444444444444,17,6,0.3,14,6
804,21500805,12,9,0.571428571429,12,4,0.190476190476,17,12
805,21500806,9,10,0.473684210526,12,5,0.238095238095,16,12
806,21500807,12,17,0.413793103448,11,12,0.571428571429,9,14
807,21500808,5,10,0.333333333333,13,7,0.368421052632,12,11
808,21500809,8,11,0.421052631579,8,10,0.5,10,14
809,21500810,10,8,0.555555555556,6,10,0.47619047619,11,12
810,21500811,8,9,0.470588235294,12,8,0.444444444444,10,9
811,21500812,11,13,0.458333333333,9,11,0.5,11,10
812,21500813,8,13,0.380952380952,12,11,0.478260869565,12,11
813,21500814,8,10,0.444444444444,6,7,0.35,13,15
814,21500815,16,9,0.64,11,11,0.407407407407,16,9
815,21500816,8,8,0.5,9,10,0.454545454545,12,9
816,21500817,10,6,0.625,14,9,0.36,16,7
817,21500818,7,8,0.466666666667,6,14,0.56,11,11
818,21500819,10,7,0.588235294118,8,11,0.44,14,10
819,21500820,7,11,0.388888888889,13,6,0.315789473684,13,12
820,21500821,5,13,0.277777777778,9,7,0.333333333333,14,14
821,21500822,6,14,0.3,11,12,0.521739130435,11,13
822,21500823,7,18,0.28,9,9,0.6,6,13
823,21500824,11,12,0.478260869565,10,10,0.434782608696,13,12
824,21500825,7,11,0.388888888889,9,11,0.478260869565,12,13
825,21500826,9,11,0.45,11,13,0.565217391304,10,8
826,21500827,9,12,0.428571428571,10,14,0.636363636364,8,10
827,21500828,8,16,0.333333333333,10,7,0.466666666667,8,13
828,21500829,8,13,0.380952380952,14,7,0.411764705882,10,9
829,21500830,11,12,0.478260869565,10,9,0.5625,7,9
830,21500831,10,10,0.5,10,14,0.538461538462,12,11
831,21500832,6,12,0.333333333333,11,10,0.434782608696,13,11
832,21500833,10,11,0.47619047619,12,15,0.51724137931,14,10
833,21500834,2,13,0.133333333333,12,11,0.5,11,12
834,21500835,10,12,0.454545454545,12,9,0.428571428571,12,11
835,21500836,8,15,0.347826086957,12,12,0.5,12,14
836,21500837,14,10,0.583333333333,13,6,0.285714285714,15,10
837,21500838,13,9,0.590909090909,17,9,0.36,16,8
838,21500839,11,7,0.611111111111,13,5,0.263157894737,14,10
839,21500840,10,10,0.5,8,12,0.545454545455,10,10
840,21500841,7,13,0.35,13,5,0.294117647059,12,11
841,21500842,7,18,0.28,10,8,0.533333333333,7,11
842,21500843,9,5,0.642857142857,5,8,0.444444444444,10,7
843,21500844,9,12,0.428571428571,12,8,0.380952380952,13,12
844,21500845,8,14,0.363636363636,14,9,0.409090909091,13,12
845,21500846,12,11,0.521739130435,11,7,0.4375,9,8
846,21500847,12,11,0.521739130435,16,5,0.277777777778,13,6
847,21500848,9,11,0.45,17,6,0.285714285714,15,11
848,21500849,14,8,0.636363636364,9,12,0.571428571429,9,7
849,21500850,11,9,0.55,8,9,0.409090909091,13,13
850,21500851,13,9,0.590909090909,14,7,0.411764705882,10,8
851,21500852,6,13,0.315789473684,9,8,0.5,8,12
852,21500853,6,15,0.285714285714,11,10,0.4,15,16
853,21500854,9,16,0.36,13,9,0.428571428571,12,14
854,21500855,10,12,0.454545454545,8,12,0.545454545455,10,13
855,21500856,14,9,0.608695652174,13,10,0.47619047619,11,6
856,21500857,13,8,0.619047619048,10,13,0.590909090909,9,7
857,21500858,11,12,0.478260869565,12,12,0.521739130435,11,10
858,21500859,14,10,0.583333333333,10,13,0.565217391304,10,8
859,21500860,10,13,0.434782608696,10,9,0.409090909091,13,12
860,21500861,11,13,0.458333333333,11,10,0.454545454545,12,12
861,21500862,10,11,0.47619047619,11,10,0.37037037037,17,16
862,21500863,11,11,0.5,12,9,0.391304347826,14,14
863,21500864,7,13,0.35,10,12,0.545454545455,10,14
864,21500865,11,16,0.407407407407,16,10,0.47619047619,11,12
865,21500866,8,9,0.470588235294,7,10,0.47619047619,11,10
866,21500867,9,9,0.5,13,11,0.5,11,9
867,21500868,10,9,0.526315789474,7,15,0.6,10,11
868,21500869,6,13,0.315789473684,10,10,0.5,10,12
869,21500870,8,13,0.380952380952,15,8,0.4,12,10
870,21500871,8,13,0.380952380952,10,9,0.428571428571,12,14
871,21500872,6,14,0.3,4,11,0.611111111111,7,11
872,21500873,11,7,0.611111111111,10,16,0.5,16,14
873,21500874,12,10,0.545454545455,13,9,0.409090909091,13,8
874,21500875,8,10,0.444444444444,18,5,0.277777777778,13,5
875,21500876,7,10,0.411764705882,12,7,0.388888888889,11,9
876,21500877,10,8,0.555555555556,12,7,0.35,13,9
877,21500878,10,9,0.526315789474,17,2,0.0952380952381,19,9
878,21500879,8,12,0.4,9,13,0.65,7,10
879,21500880,12,11,0.521739130435,4,13,0.619047619048,8,15
880,21500881,15,9,0.625,7,11,0.578947368421,8,7
881,21500882,16,9,0.64,13,8,0.307692307692,18,12
882,21500883,9,16,0.36,11,10,0.5,10,11
883,21500884,7,14,0.333333333333,11,9,0.391304347826,14,12
884,21500885,9,12,0.428571428571,15,6,0.285714285714,15,10
885,21500886,10,13,0.434782608696,8,13,0.5,13,18
886,21500887,13,6,0.684210526316,11,10,0.434782608696,13,9
887,21500888,7,10,0.411764705882,11,8,0.421052631579,11,9
888,21500889,12,16,0.428571428571,10,11,0.52380952381,10,14
889,21500890,11,13,0.458333333333,13,10,0.47619047619,11,11
890,21500891,10,11,0.47619047619,15,5,0.277777777778,13,8
891,21500892,16,9,0.64,10,12,0.5,12,9
892,21500893,7,14,0.333333333333,11,9,0.409090909091,13,14
893,21500894,9,8,0.529411764706,7,12,0.545454545455,10,10
894,21500895,10,9,0.526315789474,8,4,0.266666666667,11,9
895,21500896,10,12,0.454545454545,13,9,0.391304347826,14,13
896,21500897,13,13,0.5,13,11,0.458333333333,13,10
897,21500898,9,14,0.391304347826,11,10,0.5,10,12
898,21500899,9,13,0.409090909091,10,13,0.619047619048,8,12
899,21500900,10,12,0.454545454545,11,15,0.576923076923,11,11
900,21500901,9,9,0.5,9,10,0.5,10,11
901,21500902,9,12,0.428571428571,11,9,0.409090909091,13,14
902,21500903,8,10,0.444444444444,10,9,0.409090909091,13,11
903,21500904,12,13,0.48,10,11,0.578947368421,8,11
904,21500905,11,12,0.478260869565,12,13,0.5,13,13
905,21500906,9,8,0.529411764706,9,9,0.473684210526,10,8
906,21500907,7,13,0.35,8,11,0.478260869565,12,18
907,21500908,10,8,0.555555555556,17,8,0.347826086957,15,8
908,21500909,12,12,0.5,12,10,0.434782608696,13,12
909,21500910,9,15,0.375,11,10,0.47619047619,11,15
910,21500911,12,11,0.521739130435,12,10,0.47619047619,11,10
911,21500912,11,9,0.55,10,11,0.407407407407,16,13
912,21500913,12,14,0.461538461538,11,12,0.521739130435,11,11
913,21500914,8,13,0.380952380952,6,12,0.666666666667,6,10
914,21500915,9,11,0.45,13,11,0.478260869565,12,11
915,21500916,8,7,0.533333333333,6,9,0.529411764706,8,7
916,21500917,11,13,0.458333333333,11,9,0.45,11,12
917,21500918,9,14,0.391304347826,9,11,0.611111111111,7,13
918,21500919,11,11,0.5,9,14,0.583333333333,10,9
919,21500920,12,15,0.444444444444,13,14,0.636363636364,8,6
920,21500921,9,13,0.409090909091,14,11,0.52380952381,10,8
921,21500922,8,15,0.347826086957,9,15,0.6,10,14
922,21500923,9,11,0.45,13,8,0.333333333333,16,12
923,21500924,16,10,0.615384615385,14,12,0.5,12,8
924,21500925,8,15,0.347826086957,7,13,0.565217391304,10,17
925,21500926,16,5,0.761904761905,7,8,0.380952380952,13,9
926,21500927,10,7,0.588235294118,13,7,0.35,13,8
927,21500928,12,9,0.571428571429,11,8,0.444444444444,10,6
928,21500929,13,10,0.565217391304,10,10,0.434782608696,13,13
929,21500930,2,15,0.117647058824,8,9,0.529411764706,8,15
930,21500931,8,17,0.32,13,8,0.4,12,13
931,21500932,9,13,0.409090909091,13,11,0.5,11,10
932,21500933,8,17,0.32,17,4,0.235294117647,13,10
933,21500934,11,13,0.458333333333,16,6,0.285714285714,15,11
934,21500935,11,6,0.647058823529,13,10,0.416666666667,14,8
935,21500936,11,9,0.55,9,8,0.444444444444,10,9
936,21500937,10,15,0.4,15,8,0.347826086957,15,13
937,21500938,9,13,0.409090909091,12,12,0.6,8,8
938,21500939,8,10,0.444444444444,15,6,0.222222222222,21,14
939,21500940,10,12,0.454545454545,12,6,0.260869565217,17,16
940,21500941,12,9,0.571428571429,11,11,0.44,14,10
941,21500942,8,11,0.421052631579,14,10,0.454545454545,12,8
942,21500943,8,11,0.421052631579,16,7,0.28,18,11
943,21500944,12,11,0.521739130435,13,14,0.5,14,10
944,21500945,8,12,0.4,13,11,0.478260869565,12,10
945,21500946,14,12,0.538461538462,12,11,0.55,9,7
946,21500947,11,12,0.478260869565,15,6,0.352941176471,11,7
947,21500948,11,7,0.611111111111,12,7,0.368421052632,12,7
948,21500949,9,13,0.409090909091,12,12,0.461538461538,14,15
949,21500950,13,10,0.565217391304,9,12,0.5,12,11
950,21500951,8,7,0.533333333333,8,6,0.352941176471,11,9
951,21500952,14,7,0.666666666667,6,9,0.473684210526,10,9
952,21500953,6,12,0.333333333333,6,8,0.421052631579,11,13
953,21500954,11,11,0.5,10,12,0.444444444444,15,13
954,21500955,10,10,0.5,11,10,0.625,6,6
955,21500956,8,11,0.421052631579,5,11,0.5,11,11
956,21500957,10,10,0.5,9,10,0.416666666667,14,12
957,21500958,10,13,0.434782608696,9,8,0.380952380952,13,16
958,21500959,10,8,0.555555555556,10,11,0.458333333333,13,8
959,21500960,11,14,0.44,11,9,0.45,11,11
960,21500961,7,14,0.333333333333,16,4,0.2,16,13
961,21500962,13,11,0.541666666667,10,9,0.45,11,11
962,21500963,13,9,0.590909090909,8,13,0.590909090909,9,7
963,21500964,11,12,0.478260869565,15,7,0.318181818182,15,10
964,21500965,7,11,0.388888888889,11,6,0.272727272727,16,13
965,21500966,11,8,0.578947368421,10,10,0.454545454545,12,7
966,21500967,5,16,0.238095238095,13,8,0.444444444444,10,14
967,21500968,4,15,0.210526315789,16,9,0.45,11,10
968,21500969,10,10,0.5,8,10,0.47619047619,11,10
969,21500970,8,12,0.4,6,10,0.555555555556,8,14
970,21500971,14,11,0.56,14,8,0.363636363636,14,10
971,21500972,11,12,0.478260869565,14,9,0.428571428571,12,11
972,21500973,10,13,0.434782608696,12,12,0.461538461538,14,13
973,21500974,7,12,0.368421052632,12,7,0.269230769231,19,16
974,21500975,15,12,0.555555555556,13,9,0.36,16,13
975,21500976,12,12,0.5,11,10,0.5,10,14
976,21500977,12,8,0.6,7,10,0.434782608696,13,9
977,21500978,15,11,0.576923076923,11,10,0.434782608696,13,12
978,21500979,11,12,0.478260869565,11,6,0.375,10,11
979,21500980,9,7,0.5625,17,7,0.318181818182,15,6
980,21500981,10,12,0.454545454545,10,11,0.478260869565,12,13
981,21500982,12,12,0.5,11,10,0.434782608696,13,11
982,21500983,8,15,0.347826086957,12,7,0.333333333333,14,13
983,21500984,10,11,0.47619047619,14,7,0.333333333333,14,9
984,21500985,10,13,0.434782608696,10,11,0.44,14,16
985,21500986,7,12,0.368421052632,6,15,0.6,10,17
986,21500987,3,14,0.176470588235,11,6,0.352941176471,11,15
987,21500988,6,15,0.285714285714,11,10,0.454545454545,12,13
988,21500989,12,12,0.5,12,6,0.3,14,11
989,21500990,11,7,0.611111111111,6,15,0.6,10,10
990,21500991,11,9,0.55,8,15,0.652173913043,8,7
991,21500992,10,6,0.625,12,7,0.304347826087,16,10
992,21500993,12,12,0.5,15,8,0.347826086957,15,10
993,21500994,12,11,0.521739130435,13,12,0.461538461538,14,11
994,21500995,11,11,0.5,10,7,0.388888888889,11,8
995,21500996,12,10,0.545454545455,12,11,0.44,14,9
996,21500997,8,13,0.380952380952,14,8,0.363636363636,14,13
997,21500998,15,11,0.576923076923,7,12,0.5,12,12
998,21500999,9,12,0.428571428571,18,4,0.181818181818,18,10
999,21501000,11,9,0.55,11,8,0.421052631579,11,11
1000,21501001,7,12,0.368421052632,13,7,0.333333333333,14,10
1001,21501002,4,12,0.25,8,11,0.611111111111,7,13
1002,21501003,13,13,0.5,12,14,0.666666666667,7,8
1003,21501004,7,12,0.368421052632,11,10,0.47619047619,11,12
1004,21501005,12,12,0.5,12,12,0.571428571429,9,7
1005,21501006,13,13,0.5,13,8,0.421052631579,11,10
1006,21501007,11,7,0.611111111111,11,13,0.464285714286,15,8
1007,21501008,8,13,0.380952380952,9,12,0.631578947368,7,12
1008,21501009,8,14,0.363636363636,12,14,0.636363636364,8,8
1009,21501010,16,11,0.592592592593,8,19,0.612903225806,12,13
1010,21501011,12,11,0.521739130435,16,8,0.347826086957,15,10
1011,21501012,6,11,0.352941176471,10,8,0.421052631579,11,11
1012,21501013,10,12,0.454545454545,9,13,0.541666666667,11,12
1013,21501014,12,11,0.521739130435,13,10,0.4,15,12
1014,21501015,12,10,0.545454545455,10,10,0.434782608696,13,12
1015,21501016,9,12,0.428571428571,14,8,0.347826086957,15,10
1016,21501017,13,8,0.619047619048,10,13,0.541666666667,11,9
1017,21501018,10,9,0.526315789474,11,10,0.416666666667,14,13
1018,21501019,13,12,0.52,12,8,0.363636363636,14,12
1019,21501020,11,13,0.458333333333,11,9,0.428571428571,12,11
1020,21501021,7,13,0.35,7,12,0.461538461538,14,19
1021,21501022,15,11,0.576923076923,12,9,0.5,9,10
1022,21501023,13,12,0.52,11,8,0.470588235294,9,9
1023,21501024,12,13,0.48,14,8,0.4,12,11
1024,21501025,9,10,0.473684210526,4,12,0.545454545455,10,13
1025,21501026,14,11,0.56,13,15,0.6,10,7
1026,21501027,7,13,0.35,12,10,0.434782608696,13,13
1027,21501028,8,12,0.4,5,8,0.421052631579,11,14
1028,21501029,12,11,0.521739130435,13,6,0.3,14,15
1029,21501030,15,12,0.555555555556,13,10,0.5,10,10
1030,21501031,14,11,0.56,10,11,0.55,9,9
1031,21501032,8,17,0.32,10,14,0.583333333333,10,16
1032,21501033,12,8,0.6,14,8,0.4,12,6
1033,21501034,13,12,0.52,12,8,0.347826086957,15,9
1034,21501035,13,10,0.565217391304,8,10,0.588235294118,7,8
1035,21501036,7,12,0.368421052632,13,7,0.318181818182,15,12
1036,21501037,4,10,0.285714285714,10,8,0.5,8,9
1037,21501038,8,9,0.470588235294,10,7,0.411764705882,10,8
1038,21501039,4,20,0.166666666667,12,10,0.5,10,17
1039,21501040,8,11,0.421052631579,12,10,0.416666666667,14,11
1040,21501041,10,11,0.47619047619,10,7,0.333333333333,14,13
1041,21501042,5,17,0.227272727273,11,10,0.47619047619,11,14
1042,21501043,3,17,0.15,11,12,0.48,13,15
1043,21501044,12,8,0.6,15,7,0.368421052632,12,4
1044,21501045,10,13,0.434782608696,13,8,0.4,12,11
1045,21501046,8,14,0.363636363636,18,8,0.333333333333,16,12
1046,21501047,5,16,0.238095238095,10,15,0.625,9,14
1047,21501048,8,10,0.444444444444,9,11,0.44,14,11
1048,21501049,10,12,0.454545454545,8,11,0.5,11,15
1049,21501050,11,7,0.611111111111,9,13,0.52,12,8
1050,21501051,5,14,0.263157894737,9,10,0.526315789474,9,12
1051,21501052,8,14,0.363636363636,14,12,0.48,13,12
1052,21501053,9,15,0.375,12,11,0.55,9,12
1053,21501054,10,10,0.5,10,11,0.423076923077,15,12
1054,21501055,7,11,0.388888888889,9,12,0.545454545455,10,10
1055,21501056,10,13,0.434782608696,12,7,0.368421052632,12,10
1056,21501057,9,8,0.529411764706,9,10,0.384615384615,16,14
1057,21501058,10,10,0.5,10,7,0.318181818182,15,13
1058,21501059,13,9,0.590909090909,13,10,0.47619047619,11,4
1059,21501060,9,13,0.409090909091,8,11,0.478260869565,12,15
1060,21501061,10,9,0.526315789474,9,7,0.4375,9,11
1061,21501062,12,9,0.571428571429,9,11,0.52380952381,10,11
1062,21501063,11,12,0.478260869565,10,9,0.409090909091,13,13
1063,21501064,10,10,0.5,8,12,0.521739130435,11,11
1064,21501065,6,16,0.272727272727,12,7,0.411764705882,10,10
1065,21501066,8,12,0.4,11,9,0.428571428571,12,16
1066,21501067,8,9,0.470588235294,9,9,0.428571428571,12,11
1067,21501068,10,11,0.47619047619,14,8,0.347826086957,15,12
1068,21501069,8,13,0.380952380952,8,12,0.6,8,10
1069,21501070,10,9,0.526315789474,10,9,0.45,11,6
1070,21501071,9,12,0.428571428571,8,10,0.588235294118,7,9
1071,21501072,8,13,0.380952380952,14,6,0.333333333333,12,10
1072,21501073,10,11,0.47619047619,12,13,0.541666666667,11,8
1073,21501074,13,10,0.565217391304,16,7,0.333333333333,14,9
1074,21501075,10,6,0.625,7,11,0.458333333333,13,10
1075,21501076,11,13,0.458333333333,14,10,0.434782608696,13,10
1076,21501077,12,9,0.571428571429,12,7,0.28,18,9
1077,21501078,14,8,0.636363636364,12,11,0.5,11,5
1078,21501079,7,13,0.35,12,9,0.409090909091,13,15
1079,21501080,14,11,0.56,10,13,0.52,12,11
1080,21501081,10,12,0.454545454545,10,9,0.428571428571,12,11
1081,21501082,11,13,0.458333333333,11,11,0.55,9,9
1082,21501083,15,6,0.714285714286,10,11,0.44,14,8
1083,21501084,7,20,0.259259259259,12,11,0.52380952381,10,16
1084,21501085,5,14,0.263157894737,10,11,0.458333333333,13,12
1085,21501086,6,16,0.272727272727,9,12,0.48,13,19
1086,21501087,7,20,0.259259259259,12,9,0.428571428571,12,16
1087,21501088,8,9,0.470588235294,9,10,0.434782608696,13,12
1088,21501089,7,15,0.318181818182,10,12,0.571428571429,9,13
1089,21501090,5,13,0.277777777778,11,6,0.315789473684,13,15
1090,21501091,12,9,0.571428571429,10,10,0.454545454545,12,10
1091,21501092,10,9,0.526315789474,13,8,0.347826086957,15,8
1092,21501093,10,13,0.434782608696,11,9,0.5,9,12
1093,21501094,11,13,0.458333333333,12,12,0.545454545455,10,8
1094,21501095,10,10,0.5,9,8,0.421052631579,11,12
1095,21501096,9,15,0.375,14,11,0.55,9,8
1096,21501097,15,10,0.6,9,12,0.631578947368,7,8
1097,21501098,6,13,0.315789473684,11,9,0.45,11,12
1098,21501099,13,10,0.565217391304,14,8,0.363636363636,14,9
1099,21501100,7,12,0.368421052632,10,13,0.684210526316,6,9
1100,21501101,14,10,0.583333333333,12,13,0.619047619048,8,7
1101,21501102,10,10,0.5,12,12,0.571428571429,9,8
1102,21501103,8,6,0.571428571429,10,8,0.347826086957,15,10
1103,21501104,13,9,0.590909090909,17,7,0.291666666667,17,8
1104,21501105,12,8,0.6,11,12,0.461538461538,14,10
1105,21501106,11,8,0.578947368421,12,8,0.363636363636,14,9
1106,21501107,10,10,0.5,6,9,0.473684210526,10,12
1107,21501108,15,10,0.6,10,9,0.5,9,7
1108,21501109,5,17,0.227272727273,15,8,0.347826086957,15,16
1109,21501110,9,10,0.473684210526,11,9,0.409090909091,13,9
1110,21501111,6,11,0.352941176471,8,7,0.5,7,11
1111,21501112,8,11,0.421052631579,12,7,0.368421052632,12,12
1112,21501113,10,13,0.434782608696,12,7,0.4375,9,9
1113,21501114,7,9,0.4375,10,8,0.4,12,10
1114,21501115,9,9,0.5,9,13,0.5,13,11
1115,21501116,7,15,0.318181818182,12,7,0.388888888889,11,12
1116,21501117,7,15,0.318181818182,7,14,0.636363636364,8,13
1117,21501118,12,11,0.521739130435,10,12,0.545454545455,10,11
1118,21501119,9,15,0.375,11,12,0.5,12,15
1119,21501120,12,10,0.545454545455,9,11,0.478260869565,12,13
1120,21501121,5,16,0.238095238095,8,11,0.55,9,13
1121,21501122,6,9,0.4,8,7,0.368421052632,12,13
1122,21501123,9,14,0.391304347826,12,14,0.583333333333,10,13
1123,21501124,8,12,0.4,12,8,0.4,12,12
1124,21501125,11,10,0.52380952381,11,13,0.52,12,8
1125,21501126,19,7,0.730769230769,11,14,0.608695652174,9,4
1126,21501127,9,12,0.428571428571,11,9,0.473684210526,10,9
1127,21501128,9,11,0.45,9,8,0.421052631579,11,13
1128,21501129,10,12,0.454545454545,11,10,0.526315789474,9,12
1129,21501130,7,13,0.35,11,8,0.296296296296,19,16
1130,21501131,8,16,0.333333333333,8,12,0.571428571429,9,12
1131,21501132,9,13,0.409090909091,9,10,0.434782608696,13,14
1132,21501133,13,7,0.65,8,10,0.5,10,10
1133,21501134,9,11,0.45,13,11,0.423076923077,15,14
1134,21501135,11,14,0.44,8,20,0.769230769231,6,11
1135,21501136,6,10,0.375,13,8,0.380952380952,13,12
1136,21501137,9,16,0.36,14,10,0.416666666667,14,11
1137,21501138,10,14,0.416666666667,9,10,0.47619047619,11,14
1138,21501139,13,11,0.541666666667,13,12,0.461538461538,14,9
1139,21501140,12,8,0.6,13,10,0.4,15,10
1140,21501141,11,13,0.458333333333,13,11,0.423076923077,15,14
1141,21501142,7,10,0.411764705882,9,9,0.375,15,13
1142,21501143,3,17,0.15,13,7,0.388888888889,11,12
1143,21501144,13,6,0.684210526316,13,8,0.363636363636,14,7
1144,21501145,8,14,0.363636363636,9,5,0.333333333333,10,12
1145,21501146,12,8,0.6,13,7,0.304347826087,16,5
1146,21501147,13,10,0.565217391304,10,10,0.416666666667,14,14
1147,21501148,12,15,0.444444444444,11,12,0.461538461538,14,14
1148,21501149,7,7,0.5,14,6,0.272727272727,16,5
1149,21501150,12,13,0.48,12,11,0.5,11,10
1150,21501151,7,18,0.28,16,6,0.3,14,15
1151,21501152,10,13,0.434782608696,10,14,0.636363636364,8,14
1152,21501153,8,13,0.380952380952,8,13,0.590909090909,9,13
1153,21501154,10,14,0.416666666667,8,12,0.545454545455,10,15
1154,21501155,10,14,0.416666666667,14,8,0.363636363636,14,12
1155,21501156,10,12,0.454545454545,15,6,0.3,14,7
1156,21501157,11,13,0.458333333333,8,13,0.590909090909,9,12
1157,21501158,9,16,0.36,16,7,0.35,13,9
1158,21501159,8,17,0.32,10,12,0.666666666667,6,14
1159,21501160,10,9,0.526315789474,7,11,0.55,9,11
1160,21501161,9,13,0.409090909091,9,13,0.590909090909,9,11
1161,21501162,12,6,0.666666666667,8,10,0.434782608696,13,9
1162,21501163,11,9,0.55,10,6,0.352941176471,11,7
1163,21501164,11,9,0.55,14,3,0.157894736842,16,11
1164,21501165,12,7,0.631578947368,7,10,0.666666666667,5,7
1165,21501166,9,13,0.409090909091,13,8,0.32,17,16
1166,21501167,13,7,0.65,11,10,0.4,15,10
1167,21501168,8,16,0.333333333333,11,5,0.3125,11,14
1168,21501169,9,13,0.409090909091,14,11,0.44,14,10
1169,21501170,6,15,0.285714285714,9,7,0.4375,9,11
1170,21501171,12,10,0.545454545455,7,8,0.444444444444,10,15
1171,21501172,9,14,0.391304347826,8,12,0.521739130435,11,14
1172,21501173,12,12,0.5,11,11,0.458333333333,13,13
1173,21501174,10,13,0.434782608696,12,10,0.4,15,15
1174,21501175,16,6,0.727272727273,10,13,0.541666666667,11,6
1175,21501176,6,12,0.333333333333,12,11,0.55,9,9
1176,21501177,8,16,0.333333333333,14,7,0.368421052632,12,10
1177,21501178,10,9,0.526315789474,10,11,0.44,14,12
1178,21501179,7,14,0.333333333333,8,11,0.458333333333,13,17
1179,21501180,8,11,0.421052631579,10,7,0.35,13,14
1180,21501181,9,9,0.5,8,13,0.722222222222,5,9
1181,21501182,18,10,0.642857142857,14,10,0.434782608696,13,7
1182,21501183,10,9,0.526315789474,11,6,0.3,14,7
1183,21501184,6,13,0.315789473684,13,7,0.368421052632,12,10
1184,21501185,6,10,0.375,10,9,0.428571428571,12,12
1185,21501186,10,12,0.454545454545,15,8,0.347826086957,15,12
1186,21501187,12,10,0.545454545455,11,11,0.611111111111,7,8
1187,21501188,14,10,0.583333333333,8,12,0.545454545455,10,10
1188,21501189,9,11,0.45,10,11,0.55,9,9
1189,21501190,12,14,0.461538461538,12,13,0.541666666667,11,11
1190,21501191,12,16,0.428571428571,9,10,0.5,10,16
1191,21501192,10,13,0.434782608696,13,5,0.3125,11,9
1192,21501193,9,13,0.409090909091,6,14,0.583333333333,10,12
1193,21501194,12,11,0.521739130435,11,8,0.470588235294,9,9
1194,21501195,12,13,0.48,11,10,0.625,6,9
1195,21501196,10,11,0.47619047619,8,7,0.5,7,10
1196,21501197,7,12,0.368421052632,8,9,0.473684210526,10,13
1197,21501198,9,14,0.391304347826,10,9,0.473684210526,10,14
1198,21501199,13,4,0.764705882353,14,7,0.333333333333,14,4
1199,21501200,14,5,0.736842105263,9,14,0.5,14,9
1200,21501201,9,13,0.409090909091,17,4,0.222222222222,14,10
1201,21501202,10,12,0.454545454545,11,10,0.434782608696,13,11
1202,21501203,11,15,0.423076923077,10,11,0.5,11,14
1203,21501204,13,9,0.590909090909,12,9,0.428571428571,12,9
1204,21501205,11,14,0.44,12,12,0.6,8,6
1205,21501206,8,12,0.4,10,14,0.736842105263,5,6
1206,21501207,5,13,0.277777777778,6,12,0.6,8,15
1207,21501208,10,12,0.454545454545,12,12,0.545454545455,10,8
1208,21501209,7,14,0.333333333333,19,4,0.25,12,7
1209,21501210,5,10,0.333333333333,8,7,0.388888888889,11,15
1210,21501211,9,14,0.391304347826,6,11,0.5,11,15
1211,21501212,9,12,0.428571428571,10,15,0.652173913043,8,9
1212,21501213,8,20,0.285714285714,14,9,0.473684210526,10,14
1213,21501214,14,13,0.518518518519,12,7,0.4375,9,7
1214,21501215,8,9,0.470588235294,8,10,0.47619047619,11,14
1215,21501216,8,8,0.5,9,6,0.375,10,8
1216,21501217,5,17,0.227272727273,8,14,0.583333333333,10,16
1217,21501218,8,12,0.4,11,4,0.25,12,11
1218,21501219,16,10,0.615384615385,14,10,0.416666666667,14,8
1219,21501220,11,15,0.423076923077,11,11,0.52380952381,10,12
1220,21501221,11,12,0.478260869565,10,10,0.526315789474,9,13
1221,21501222,6,17,0.260869565217,13,12,0.521739130435,11,14
1222,21501223,11,13,0.458333333333,16,8,0.380952380952,13,9
1223,21501224,12,12,0.5,12,6,0.333333333333,12,6
1224,21501225,6,12,0.333333333333,7,13,0.481481481481,14,17
1225,21501226,14,7,0.666666666667,12,6,0.25,18,8
1226,21501227,13,13,0.5,16,9,0.391304347826,14,10
1227,21501228,7,15,0.318181818182,14,8,0.363636363636,14,15
1228,21501229,6,11,0.352941176471,13,7,0.368421052632,12,10
1229,21501230,7,12,0.368421052632,5,13,0.541666666667,11,16
